name,class
testday/11_06$frame-0-00-10_3_100_0.jpg,100
testday/11_06$frame-0-02-10_3_100_1.jpg,100
testday/11_06$frame-0-04-50_3_100_2.jpg,100
testday/11_06$frame-0-05-10_2_100_3.jpg,100
testday/11_06$frame-0-07-20_1_100_4.jpg,100
testday/11_06$frame-0-07-40_3_100_5.jpg,100
testday/11_06$frame-0-17-00_1_100_6.jpg,100
testday/11_06$frame-0-24-10_2_100_7.jpg,100
testday/11_06$frame-0-30-40_1_100_8.jpg,100
testday/11_06$frame-0-37-50_2_100_9.jpg,100
testday/11_06$frame-0-41-20_2_100_10.jpg,100
testday/11_06$frame-0-41-50_1_100_11.jpg,100
testday/11_06$frame-0-42-10_2_100_12.jpg,100
testday/11_06$frame-0-42-30_2_100_13.jpg,100
testday/11_06$frame-0-45-00_2_100_14.jpg,100
testday/11_06$frame-0-46-20_2_100_15.jpg,100
testday/11_06$frame-0-46-40_1_100_16.jpg,100
testday/11_06$frame-0-49-30_2_100_17.jpg,100
testday/11_06$frame-0-49-50_2_100_18.jpg,100
testday/11_06$frame-0-52-10_2_100_19.jpg,100
testday/01_06$frame-0-01-50_2_101_0.jpg,101
testday/01_06$frame-0-04-20_1_101_1.jpg,101
testday/01_06$frame-0-04-50_1_101_2.jpg,101
testday/01_06$frame-0-07-00_2_101_3.jpg,101
testday/01_06$frame-0-08-00_2_101_4.jpg,101
testday/01_06$frame-0-08-10_1_101_5.jpg,101
testday/01_06$frame-0-09-20_2_101_6.jpg,101
testday/01_06$frame-0-11-00_1_101_7.jpg,101
testday/01_06$frame-0-12-10_1_101_8.jpg,101
testday/01_06$frame-0-13-10_2_101_9.jpg,101
testday/01_06$frame-0-13-30_1_101_10.jpg,101
testday/01_06$frame-0-15-50_2_101_11.jpg,101
testday/01_06$frame-0-16-10_2_101_12.jpg,101
testday/01_06$frame-0-17-10_1_101_13.jpg,101
testday/01_06$frame-0-18-10_1_101_14.jpg,101
testday/01_06$frame-0-20-20_2_101_15.jpg,101
testday/01_06$frame-0-20-50_1_101_16.jpg,101
testday/01_06$frame-0-21-30_2_101_17.jpg,101
testday/01_06$frame-0-25-10_2_101_18.jpg,101
testday/01_06$frame-0-29-30_1_101_19.jpg,101
testday/01_06$frame-0-29-30_2_101_20.jpg,101
testday/01_06$frame-0-29-40_1_101_21.jpg,101
testday/01_06$frame-0-31-10_1_101_22.jpg,101
testday/01_06$frame-0-31-20_1_101_23.jpg,101
testday/01_06$frame-0-32-30_1_101_24.jpg,101
testday/01_06$frame-0-32-30_2_101_25.jpg,101
testday/01_06$frame-0-33-00_1_101_26.jpg,101
testday/01_06$frame-0-37-20_2_101_27.jpg,101
testday/01_06$frame-0-39-40_2_101_28.jpg,101
testday/01_06$frame-0-40-20_2_101_29.jpg,101
testday/01_06$frame-0-41-50_2_101_30.jpg,101
testday/01_06$frame-0-45-20_1_101_31.jpg,101
testday/01_06$frame-0-46-40_1_101_32.jpg,101
testday/01_06$frame-0-49-40_1_101_33.jpg,101
testday/01_06$frame-0-50-00_1_101_34.jpg,101
testday/01_06$frame-0-50-40_2_101_35.jpg,101
testday/01_07$frame-0-01-30_2_101_36.jpg,101
testday/01_07$frame-0-16-40_1_101_37.jpg,101
testday/01_07$frame-0-22-20_1_101_38.jpg,101
testday/01_07$frame-0-27-10_1_101_39.jpg,101
testday/01_07$frame-0-29-00_1_101_40.jpg,101
testday/01_07$frame-0-44-40_1_101_41.jpg,101
testday/01_07$frame-0-47-30_1_101_42.jpg,101
testday/01_07$frame-0-50-30_1_101_43.jpg,101
testday/01_08$frame-0-00-20_2_101_44.jpg,101
testday/01_08$frame-0-00-50_2_101_45.jpg,101
testday/01_08$frame-0-01-10_2_101_46.jpg,101
testday/01_08$frame-0-02-40_2_101_47.jpg,101
testday/01_08$frame-0-04-10_1_101_48.jpg,101
testday/01_08$frame-0-04-40_1_101_49.jpg,101
testday/01_08$frame-0-05-00_1_101_50.jpg,101
testday/01_08$frame-0-05-40_2_101_51.jpg,101
testday/01_08$frame-0-05-50_1_101_52.jpg,101
testday/01_08$frame-0-06-20_2_101_53.jpg,101
testday/01_08$frame-0-07-10_2_101_54.jpg,101
testday/01_08$frame-0-07-20_2_101_55.jpg,101
testday/01_08$frame-0-08-10_1_101_56.jpg,101
testday/01_08$frame-0-08-40_1_101_57.jpg,101
testday/01_08$frame-0-09-10_1_101_58.jpg,101
testday/01_08$frame-0-10-20_1_101_59.jpg,101
testday/01_08$frame-0-11-00_1_101_60.jpg,101
testday/01_08$frame-0-11-00_2_101_61.jpg,101
testday/01_08$frame-0-11-30_1_101_62.jpg,101
testday/01_08$frame-0-12-00_2_101_63.jpg,101
testday/01_08$frame-0-12-30_2_101_64.jpg,101
testday/01_08$frame-0-13-10_1_101_65.jpg,101
testday/01_08$frame-0-13-30_1_101_66.jpg,101
testday/01_08$frame-0-13-30_2_101_67.jpg,101
testday/01_08$frame-0-13-40_2_101_68.jpg,101
testday/01_08$frame-0-15-00_1_101_69.jpg,101
testday/01_08$frame-0-15-20_1_101_70.jpg,101
testday/01_08$frame-0-15-40_2_101_71.jpg,101
testday/01_08$frame-0-16-00_2_101_72.jpg,101
testday/01_08$frame-0-17-00_2_101_73.jpg,101
testday/01_08$frame-0-17-40_2_101_74.jpg,101
testday/01_08$frame-0-18-20_2_101_75.jpg,101
testday/01_08$frame-0-19-00_1_101_76.jpg,101
testday/01_08$frame-0-19-00_2_101_77.jpg,101
testday/01_08$frame-0-19-50_1_101_78.jpg,101
testday/01_08$frame-0-20-50_1_101_79.jpg,101
testday/01_08$frame-0-21-10_2_101_80.jpg,101
testday/01_08$frame-0-21-30_1_101_81.jpg,101
testday/01_08$frame-0-22-10_1_101_82.jpg,101
testday/01_08$frame-0-22-20_2_101_83.jpg,101
testday/01_08$frame-0-22-50_1_101_84.jpg,101
testday/01_08$frame-0-23-10_2_101_85.jpg,101
testday/01_08$frame-0-24-00_2_101_86.jpg,101
testday/01_08$frame-0-24-20_2_101_87.jpg,101
testday/01_08$frame-0-24-30_1_101_88.jpg,101
testday/01_08$frame-0-25-20_2_101_89.jpg,101
testday/01_08$frame-0-26-10_2_101_90.jpg,101
testday/01_08$frame-0-26-40_2_101_91.jpg,101
testday/01_08$frame-0-33-30_1_101_92.jpg,101
testday/01_08$frame-0-35-10_1_101_93.jpg,101
testday/01_08$frame-0-41-30_1_101_94.jpg,101
testday/01_08$frame-0-45-40_1_101_95.jpg,101
testday/01_08$frame-0-46-20_1_101_96.jpg,101
testday/01_08$frame-0-47-00_1_101_97.jpg,101
testday/01_08$frame-0-47-20_1_101_98.jpg,101
testday/01_08$frame-0-48-10_1_101_99.jpg,101
testday/01_08$frame-0-50-30_1_101_100.jpg,101
testday/01_08$frame-0-51-40_1_101_101.jpg,101
testday/01_08$frame-0-52-30_1_101_102.jpg,101
testday/02_06$frame-0-00-20_1_101_103.jpg,101
testday/02_06$frame-0-00-50_1_101_104.jpg,101
testday/02_06$frame-0-07-00_1_101_105.jpg,101
testday/02_06$frame-0-07-50_1_101_106.jpg,101
testday/02_06$frame-0-11-00_1_101_107.jpg,101
testday/02_06$frame-0-11-20_1_101_108.jpg,101
testday/02_06$frame-0-12-40_1_101_109.jpg,101
testday/02_06$frame-0-17-30_1_101_110.jpg,101
testday/02_06$frame-0-17-50_1_101_111.jpg,101
testday/02_06$frame-0-18-40_1_101_112.jpg,101
testday/02_06$frame-0-20-30_1_101_113.jpg,101
testday/02_06$frame-0-24-10_1_101_114.jpg,101
testday/02_06$frame-0-30-00_1_101_115.jpg,101
testday/02_06$frame-0-35-30_1_101_116.jpg,101
testday/02_06$frame-0-35-50_1_101_117.jpg,101
testday/02_06$frame-0-36-40_1_101_118.jpg,101
testday/02_06$frame-0-37-00_1_101_119.jpg,101
testday/02_07$frame-0-01-00_2_101_120.jpg,101
testday/02_07$frame-0-01-00_2_101_121.jpg,101
testday/02_07$frame-0-01-40_2_101_122.jpg,101
testday/02_07$frame-0-03-30_2_101_123.jpg,101
testday/02_07$frame-0-04-30_2_101_124.jpg,101
testday/02_07$frame-0-05-30_2_101_125.jpg,101
testday/02_07$frame-0-06-30_1_101_126.jpg,101
testday/02_07$frame-0-08-00_2_101_127.jpg,101
testday/02_07$frame-0-17-50_1_101_128.jpg,101
testday/02_07$frame-0-20-50_1_101_129.jpg,101
testday/02_07$frame-0-22-30_1_101_130.jpg,101
testday/02_07$frame-0-29-40_1_101_131.jpg,101
testday/02_07$frame-0-36-20_1_101_132.jpg,101
testday/02_07$frame-0-37-00_1_101_133.jpg,101
testday/02_07$frame-0-39-50_1_101_134.jpg,101
testday/02_07$frame-0-41-30_1_101_135.jpg,101
testday/02_07$frame-0-42-10_1_101_136.jpg,101
testday/02_07$frame-0-45-00_1_101_137.jpg,101
testday/02_07$frame-0-46-20_1_101_138.jpg,101
testday/02_07$frame-0-47-30_1_101_139.jpg,101
testday/02_07$frame-0-48-20_1_101_140.jpg,101
testday/02_07$frame-0-48-50_1_101_141.jpg,101
testday/02_07$frame-0-49-20_1_101_142.jpg,101
testday/03_06$frame-0-08-40_1_101_143.jpg,101
testday/03_06$frame-0-09-40_1_101_144.jpg,101
testday/03_06$frame-0-21-50_2_101_145.jpg,101
testday/03_06$frame-0-23-40_1_101_146.jpg,101
testday/03_06$frame-0-26-10_2_101_147.jpg,101
testday/03_06$frame-0-30-10_2_101_148.jpg,101
testday/03_06$frame-0-30-30_2_101_149.jpg,101
testday/03_06$frame-0-31-20_2_101_150.jpg,101
testday/03_06$frame-0-39-30_1_101_151.jpg,101
testday/03_06$frame-0-40-20_2_101_152.jpg,101
testday/03_06$frame-0-41-50_2_101_153.jpg,101
testday/03_06$frame-0-43-20_2_101_154.jpg,101
testday/03_06$frame-0-46-40_2_101_155.jpg,101
testday/03_07$frame-0-26-10_1_101_156.jpg,101
testday/03_08$frame-0-03-30_1_101_157.jpg,101
testday/03_08$frame-0-05-20_1_101_158.jpg,101
testday/03_08$frame-0-06-00_1_101_159.jpg,101
testday/03_08$frame-0-07-50_1_101_160.jpg,101
testday/03_08$frame-0-13-00_1_101_161.jpg,101
testday/03_08$frame-0-13-40_1_101_162.jpg,101
testday/03_08$frame-0-14-10_1_101_163.jpg,101
testday/03_08$frame-0-16-30_1_101_164.jpg,101
testday/03_08$frame-0-17-00_1_101_165.jpg,101
testday/03_08$frame-0-18-00_1_101_166.jpg,101
testday/03_08$frame-0-18-50_1_101_167.jpg,101
testday/03_08$frame-0-24-00_1_101_168.jpg,101
testday/03_08$frame-0-26-10_1_101_169.jpg,101
testday/03_08$frame-0-29-20_1_101_170.jpg,101
testday/03_08$frame-0-31-10_1_101_171.jpg,101
testday/03_08$frame-0-32-00_1_101_172.jpg,101
testday/03_08$frame-0-33-10_1_101_173.jpg,101
testday/03_08$frame-0-35-20_1_101_174.jpg,101
testday/03_08$frame-0-36-00_1_101_175.jpg,101
testday/03_08$frame-0-37-10_1_101_176.jpg,101
testday/03_08$frame-0-38-40_1_101_177.jpg,101
testday/03_08$frame-0-39-30_1_101_178.jpg,101
testday/03_08$frame-0-40-00_1_101_179.jpg,101
testday/03_08$frame-0-40-30_1_101_180.jpg,101
testday/03_08$frame-0-41-10_1_101_181.jpg,101
testday/03_08$frame-0-42-20_1_101_182.jpg,101
testday/03_08$frame-0-43-00_1_101_183.jpg,101
testday/03_08$frame-0-43-30_1_101_184.jpg,101
testday/03_08$frame-0-44-30_1_101_185.jpg,101
testday/03_08$frame-0-46-30_1_101_186.jpg,101
testday/03_08$frame-0-48-40_1_101_187.jpg,101
testday/03_08$frame-0-49-00_1_101_188.jpg,101
testday/03_08$frame-0-49-40_1_101_189.jpg,101
testday/03_08$frame-0-51-40_1_101_190.jpg,101
testday/03_08$frame-0-51-50_1_101_191.jpg,101
testday/03_08$frame-0-52-40_1_101_192.jpg,101
testday/04_06$frame-0-00-00_2_101_193.jpg,101
testday/04_06$frame-0-00-50_2_101_194.jpg,101
testday/04_06$frame-0-03-50_2_101_195.jpg,101
testday/04_06$frame-0-04-10_2_101_196.jpg,101
testday/04_06$frame-0-06-20_1_101_197.jpg,101
testday/04_06$frame-0-07-00_1_101_198.jpg,101
testday/04_06$frame-0-08-50_1_101_199.jpg,101
testday/04_06$frame-0-11-00_2_101_200.jpg,101
testday/04_06$frame-0-11-30_2_101_201.jpg,101
testday/04_06$frame-0-12-00_2_101_202.jpg,101
testday/04_06$frame-0-12-20_1_101_203.jpg,101
testday/04_06$frame-0-14-20_1_101_204.jpg,101
testday/04_06$frame-0-15-00_1_101_205.jpg,101
testday/04_06$frame-0-15-30_1_101_206.jpg,101
testday/04_06$frame-0-19-50_1_101_207.jpg,101
testday/04_06$frame-0-20-30_1_101_208.jpg,101
testday/04_06$frame-0-23-40_1_101_209.jpg,101
testday/04_06$frame-0-24-00_1_101_210.jpg,101
testday/04_06$frame-0-24-30_1_101_211.jpg,101
testday/04_06$frame-0-25-00_1_101_212.jpg,101
testday/04_06$frame-0-26-10_1_101_213.jpg,101
testday/04_06$frame-0-26-50_1_101_214.jpg,101
testday/04_06$frame-0-29-40_1_101_215.jpg,101
testday/04_06$frame-0-30-00_1_101_216.jpg,101
testday/04_06$frame-0-31-00_1_101_217.jpg,101
testday/04_06$frame-0-31-30_1_101_218.jpg,101
testday/04_06$frame-0-33-50_1_101_219.jpg,101
testday/04_06$frame-0-34-40_1_101_220.jpg,101
testday/04_06$frame-0-35-50_1_101_221.jpg,101
testday/04_06$frame-0-39-40_1_101_222.jpg,101
testday/04_06$frame-0-40-40_1_101_223.jpg,101
testday/04_06$frame-0-45-50_1_101_224.jpg,101
testday/04_06$frame-0-48-20_1_101_225.jpg,101
testday/04_06$frame-0-49-10_1_101_226.jpg,101
testday/04_06$frame-0-53-00_1_101_227.jpg,101
testday/04_07$frame-0-03-00_1_101_228.jpg,101
testday/04_07$frame-0-03-00_1_101_229.jpg,101
testday/04_07$frame-0-03-50_1_101_230.jpg,101
testday/04_07$frame-0-05-40_1_101_231.jpg,101
testday/04_07$frame-0-07-00_1_101_232.jpg,101
testday/04_07$frame-0-09-50_1_101_233.jpg,101
testday/04_07$frame-0-10-30_1_101_234.jpg,101
testday/04_07$frame-0-11-00_1_101_235.jpg,101
testday/04_07$frame-0-12-40_1_101_236.jpg,101
testday/04_07$frame-0-16-40_1_101_237.jpg,101
testday/04_07$frame-0-18-10_1_101_238.jpg,101
testday/04_07$frame-0-18-50_1_101_239.jpg,101
testday/04_07$frame-0-21-00_1_101_240.jpg,101
testday/04_08$frame-0-03-30_2_101_241.jpg,101
testday/04_08$frame-0-03-50_1_101_242.jpg,101
testday/04_08$frame-0-08-20_2_101_243.jpg,101
testday/04_08$frame-0-16-50_1_101_244.jpg,101
testday/04_08$frame-0-17-40_1_101_245.jpg,101
testday/04_08$frame-0-20-20_2_101_246.jpg,101
testday/04_08$frame-0-21-30_1_101_247.jpg,101
testday/04_08$frame-0-22-40_1_101_248.jpg,101
testday/04_08$frame-0-23-50_2_101_249.jpg,101
testday/04_08$frame-0-26-10_2_101_250.jpg,101
testday/04_08$frame-0-27-20_1_101_251.jpg,101
testday/04_08$frame-0-38-50_1_101_252.jpg,101
testday/04_08$frame-0-39-50_1_101_253.jpg,101
testday/04_08$frame-0-41-50_1_101_254.jpg,101
testday/04_08$frame-0-42-30_1_101_255.jpg,101
testday/04_08$frame-0-44-00_1_101_256.jpg,101
testday/04_08$frame-0-47-30_1_101_257.jpg,101
testday/05_06$frame-0-06-10_3_101_258.jpg,101
testday/05_06$frame-0-08-00_2_101_259.jpg,101
testday/05_06$frame-0-17-30_1_101_260.jpg,101
testday/05_06$frame-0-23-30_2_101_261.jpg,101
testday/05_06$frame-0-28-30_2_101_262.jpg,101
testday/05_06$frame-0-40-30_2_101_263.jpg,101
testday/05_07$frame-0-24-10_1_101_264.jpg,101
testday/05_07$frame-0-27-10_1_101_265.jpg,101
testday/05_07$frame-0-29-00_1_101_266.jpg,101
testday/05_07$frame-0-48-50_1_101_267.jpg,101
testday/05_08$frame-0-05-20_1_101_268.jpg,101
testday/05_08$frame-0-05-50_2_101_269.jpg,101
testday/05_08$frame-0-07-10_1_101_270.jpg,101
testday/05_08$frame-0-08-50_1_101_271.jpg,101
testday/05_08$frame-0-09-10_1_101_272.jpg,101
testday/05_08$frame-0-10-10_1_101_273.jpg,101
testday/05_08$frame-0-10-50_1_101_274.jpg,101
testday/05_08$frame-0-18-30_2_101_275.jpg,101
testday/05_08$frame-0-20-00_2_101_276.jpg,101
testday/05_08$frame-0-20-50_2_101_277.jpg,101
testday/05_08$frame-0-21-50_1_101_278.jpg,101
testday/05_08$frame-0-25-50_1_101_279.jpg,101
testday/05_08$frame-0-30-10_1_101_280.jpg,101
testday/05_08$frame-0-33-00_1_101_281.jpg,101
testday/05_08$frame-0-47-20_1_101_282.jpg,101
testday/05_08$frame-0-49-10_1_101_283.jpg,101
testday/06_06$frame-0-00-00_1_101_284.jpg,101
testday/06_06$frame-0-06-10_2_101_285.jpg,101
testday/06_06$frame-0-07-00_2_101_286.jpg,101
testday/06_06$frame-0-07-10_1_101_287.jpg,101
testday/06_06$frame-0-07-50_1_101_288.jpg,101
testday/06_06$frame-0-07-50_2_101_289.jpg,101
testday/06_06$frame-0-08-10_2_101_290.jpg,101
testday/06_06$frame-0-10-30_1_101_291.jpg,101
testday/06_06$frame-0-11-30_1_101_292.jpg,101
testday/06_06$frame-0-12-20_1_101_293.jpg,101
testday/06_06$frame-0-13-50_1_101_294.jpg,101
testday/06_06$frame-0-14-00_1_101_295.jpg,101
testday/06_06$frame-0-15-40_2_101_296.jpg,101
testday/06_06$frame-0-18-20_1_101_297.jpg,101
testday/06_06$frame-0-20-00_1_101_298.jpg,101
testday/06_06$frame-0-20-50_1_101_299.jpg,101
testday/06_06$frame-0-21-50_1_101_300.jpg,101
testday/06_06$frame-0-23-40_1_101_301.jpg,101
testday/06_06$frame-0-24-10_1_101_302.jpg,101
testday/06_06$frame-0-25-50_1_101_303.jpg,101
testday/06_06$frame-0-26-30_1_101_304.jpg,101
testday/06_06$frame-0-27-00_1_101_305.jpg,101
testday/06_06$frame-0-29-00_1_101_306.jpg,101
testday/06_06$frame-0-29-50_1_101_307.jpg,101
testday/06_06$frame-0-31-50_1_101_308.jpg,101
testday/06_06$frame-0-33-40_1_101_309.jpg,101
testday/06_06$frame-0-34-20_1_101_310.jpg,101
testday/06_06$frame-0-38-20_1_101_311.jpg,101
testday/06_06$frame-0-38-50_1_101_312.jpg,101
testday/06_06$frame-0-39-20_1_101_313.jpg,101
testday/06_06$frame-0-39-30_1_101_314.jpg,101
testday/06_06$frame-0-43-40_1_101_315.jpg,101
testday/06_06$frame-0-44-00_1_101_316.jpg,101
testday/06_07$frame-0-03-10_2_101_317.jpg,101
testday/06_07$frame-0-08-40_1_101_318.jpg,101
testday/06_07$frame-0-13-30_1_101_319.jpg,101
testday/06_07$frame-0-17-20_1_101_320.jpg,101
testday/06_07$frame-0-20-40_1_101_321.jpg,101
testday/06_07$frame-0-33-10_1_101_322.jpg,101
testday/06_07$frame-0-35-30_1_101_323.jpg,101
testday/06_07$frame-0-37-20_1_101_324.jpg,101
testday/06_07$frame-0-42-40_1_101_325.jpg,101
testday/06_08$frame-0-05-00_1_101_326.jpg,101
testday/06_08$frame-0-08-50_2_101_327.jpg,101
testday/06_08$frame-0-16-10_1_101_328.jpg,101
testday/06_08$frame-0-17-40_1_101_329.jpg,101
testday/06_08$frame-0-24-10_2_101_330.jpg,101
testday/06_08$frame-0-24-40_2_101_331.jpg,101
testday/06_08$frame-0-25-50_2_101_332.jpg,101
testday/06_08$frame-0-29-00_1_101_333.jpg,101
testday/06_08$frame-0-30-40_1_101_334.jpg,101
testday/06_08$frame-0-33-30_1_101_335.jpg,101
testday/06_08$frame-0-35-10_1_101_336.jpg,101
testday/06_08$frame-0-36-20_1_101_337.jpg,101
testday/06_08$frame-0-40-00_1_101_338.jpg,101
testday/06_08$frame-0-43-30_1_101_339.jpg,101
testday/06_08$frame-0-43-50_1_101_340.jpg,101
testday/06_08$frame-0-45-10_1_101_341.jpg,101
testday/06_08$frame-0-46-50_1_101_342.jpg,101
testday/07_06$frame-0-09-10_2_101_343.jpg,101
testday/07_06$frame-0-09-40_3_101_344.jpg,101
testday/07_06$frame-0-12-00_1_101_345.jpg,101
testday/07_06$frame-0-12-20_2_101_346.jpg,101
testday/07_06$frame-0-13-30_3_101_347.jpg,101
testday/07_06$frame-0-14-30_2_101_348.jpg,101
testday/07_06$frame-0-22-50_1_101_349.jpg,101
testday/07_06$frame-0-23-50_1_101_350.jpg,101
testday/07_06$frame-0-28-20_2_101_351.jpg,101
testday/07_06$frame-0-28-30_2_101_352.jpg,101
testday/07_06$frame-0-29-20_2_101_353.jpg,101
testday/07_06$frame-0-31-00_2_101_354.jpg,101
testday/07_06$frame-0-31-30_2_101_355.jpg,101
testday/07_06$frame-0-31-50_2_101_356.jpg,101
testday/07_06$frame-0-32-30_1_101_357.jpg,101
testday/07_06$frame-0-32-40_2_101_358.jpg,101
testday/07_06$frame-0-47-10_2_101_359.jpg,101
testday/07_06$frame-0-48-30_1_101_360.jpg,101
testday/07_06$frame-0-48-30_2_101_361.jpg,101
testday/07_07$frame-0-02-50_2_101_362.jpg,101
testday/07_07$frame-0-05-10_2_101_363.jpg,101
testday/07_07$frame-0-06-00_2_101_364.jpg,101
testday/07_07$frame-0-07-10_1_101_365.jpg,101
testday/07_07$frame-0-10-40_1_101_366.jpg,101
testday/07_07$frame-0-11-20_1_101_367.jpg,101
testday/07_07$frame-0-11-40_1_101_368.jpg,101
testday/07_07$frame-0-14-10_1_101_369.jpg,101
testday/07_07$frame-0-15-40_1_101_370.jpg,101
testday/07_07$frame-0-18-20_1_101_371.jpg,101
testday/07_07$frame-0-25-50_1_101_372.jpg,101
testday/07_07$frame-0-27-40_1_101_373.jpg,101
testday/07_07$frame-0-28-00_1_101_374.jpg,101
testday/07_07$frame-0-31-00_1_101_375.jpg,101
testday/07_07$frame-0-32-00_1_101_376.jpg,101
testday/07_07$frame-0-34-20_1_101_377.jpg,101
testday/07_07$frame-0-42-30_1_101_378.jpg,101
testday/07_07$frame-0-44-10_1_101_379.jpg,101
testday/07_07$frame-0-46-30_1_101_380.jpg,101
testday/07_07$frame-0-47-50_1_101_381.jpg,101
testday/07_08$frame-0-49-30_1_101_382.jpg,101
testday/08_06$frame-0-01-50_2_101_383.jpg,101
testday/08_06$frame-0-05-00_2_101_384.jpg,101
testday/08_06$frame-0-05-50_2_101_385.jpg,101
testday/08_06$frame-0-06-50_2_101_386.jpg,101
testday/08_06$frame-0-07-40_3_101_387.jpg,101
testday/08_06$frame-0-09-00_2_101_388.jpg,101
testday/08_06$frame-0-11-50_1_101_389.jpg,101
testday/08_06$frame-0-12-10_1_101_390.jpg,101
testday/08_06$frame-0-14-10_2_101_391.jpg,101
testday/08_06$frame-0-14-40_2_101_392.jpg,101
testday/08_06$frame-0-23-00_1_101_393.jpg,101
testday/08_06$frame-0-24-30_2_101_394.jpg,101
testday/08_06$frame-0-43-10_1_101_395.jpg,101
testday/08_06$frame-0-46-00_1_101_396.jpg,101
testday/08_06$frame-0-46-10_2_101_397.jpg,101
testday/08_06$frame-0-50-40_1_101_398.jpg,101
testday/08_07$frame-0-08-50_1_101_399.jpg,101
testday/08_07$frame-0-10-40_1_101_400.jpg,101
testday/08_07$frame-0-13-10_1_101_401.jpg,101
testday/08_07$frame-0-13-40_1_101_402.jpg,101
testday/08_07$frame-0-21-00_1_101_403.jpg,101
testday/08_07$frame-0-22-30_1_101_404.jpg,101
testday/08_07$frame-0-39-40_1_101_405.jpg,101
testday/08_07$frame-0-40-40_1_101_406.jpg,101
testday/08_07$frame-0-42-50_1_101_407.jpg,101
testday/08_07$frame-0-43-40_1_101_408.jpg,101
testday/08_07$frame-0-44-20_1_101_409.jpg,101
testday/08_07$frame-0-49-40_1_101_410.jpg,101
testday/09_06$frame-0-01-50_2_101_411.jpg,101
testday/09_06$frame-0-01-50_3_101_412.jpg,101
testday/09_06$frame-0-07-40_1_101_413.jpg,101
testday/09_06$frame-0-08-10_1_101_414.jpg,101
testday/09_06$frame-0-10-40_1_101_415.jpg,101
testday/09_06$frame-0-11-20_2_101_416.jpg,101
testday/09_06$frame-0-16-40_2_101_417.jpg,101
testday/09_06$frame-0-18-00_2_101_418.jpg,101
testday/09_06$frame-0-18-20_1_101_419.jpg,101
testday/09_06$frame-0-19-00_1_101_420.jpg,101
testday/09_06$frame-0-20-10_1_101_421.jpg,101
testday/09_06$frame-0-21-30_1_101_422.jpg,101
testday/09_06$frame-0-22-20_1_101_423.jpg,101
testday/09_06$frame-0-23-00_1_101_424.jpg,101
testday/09_06$frame-0-23-30_1_101_425.jpg,101
testday/09_06$frame-0-25-40_1_101_426.jpg,101
testday/09_06$frame-0-26-10_1_101_427.jpg,101
testday/09_06$frame-0-26-50_1_101_428.jpg,101
testday/09_06$frame-0-27-10_2_101_429.jpg,101
testday/09_06$frame-0-27-50_2_101_430.jpg,101
testday/09_06$frame-0-28-10_2_101_431.jpg,101
testday/09_06$frame-0-33-50_2_101_432.jpg,101
testday/09_06$frame-0-34-40_1_101_433.jpg,101
testday/09_06$frame-0-35-00_1_101_434.jpg,101
testday/09_06$frame-0-35-20_1_101_435.jpg,101
testday/09_06$frame-0-39-00_2_101_436.jpg,101
testday/09_06$frame-0-39-20_1_101_437.jpg,101
testday/09_06$frame-0-41-30_1_101_438.jpg,101
testday/09_07$frame-0-09-40_1_101_439.jpg,101
testday/09_07$frame-0-18-20_1_101_440.jpg,101
testday/09_07$frame-0-20-00_1_101_441.jpg,101
testday/10_06$frame-0-05-30_3_101_442.jpg,101
testday/10_06$frame-0-06-00_1_101_443.jpg,101
testday/10_06$frame-0-07-00_1_101_444.jpg,101
testday/10_06$frame-0-08-40_1_101_445.jpg,101
testday/10_06$frame-0-08-40_2_101_446.jpg,101
testday/10_06$frame-0-10-40_2_101_447.jpg,101
testday/10_06$frame-0-11-20_2_101_448.jpg,101
testday/10_06$frame-0-13-50_1_101_449.jpg,101
testday/10_06$frame-0-16-20_1_101_450.jpg,101
testday/10_06$frame-0-16-50_2_101_451.jpg,101
testday/10_06$frame-0-18-50_2_101_452.jpg,101
testday/10_06$frame-0-19-40_2_101_453.jpg,101
testday/10_06$frame-0-20-20_1_101_454.jpg,101
testday/10_06$frame-0-20-50_1_101_455.jpg,101
testday/10_06$frame-0-21-10_1_101_456.jpg,101
testday/10_06$frame-0-22-20_2_101_457.jpg,101
testday/10_06$frame-0-26-10_1_101_458.jpg,101
testday/10_06$frame-0-36-30_2_101_459.jpg,101
testday/10_06$frame-0-43-10_2_101_460.jpg,101
testday/10_06$frame-0-44-10_1_101_461.jpg,101
testday/10_06$frame-0-50-20_2_101_462.jpg,101
testday/10_07$frame-0-04-00_1_101_463.jpg,101
testday/10_07$frame-0-05-10_1_101_464.jpg,101
testday/10_07$frame-0-06-30_1_101_465.jpg,101
testday/10_07$frame-0-07-40_1_101_466.jpg,101
testday/10_07$frame-0-31-30_1_101_467.jpg,101
testday/10_07$frame-0-32-10_1_101_468.jpg,101
testday/10_07$frame-0-32-50_1_101_469.jpg,101
testday/10_07$frame-0-43-30_1_101_470.jpg,101
testday/10_07$frame-0-43-40_1_101_471.jpg,101
testday/11_06$frame-0-04-30_2_101_472.jpg,101
testday/11_06$frame-0-05-30_1_101_473.jpg,101
testday/11_06$frame-0-05-50_2_101_474.jpg,101
testday/11_06$frame-0-07-40_2_101_475.jpg,101
testday/11_06$frame-0-12-00_2_101_476.jpg,101
testday/11_06$frame-0-12-10_2_101_477.jpg,101
testday/11_06$frame-0-13-50_1_101_478.jpg,101
testday/11_06$frame-0-14-20_3_101_479.jpg,101
testday/11_06$frame-0-14-30_3_101_480.jpg,101
testday/11_06$frame-0-14-40_1_101_481.jpg,101
testday/11_06$frame-0-15-30_1_101_482.jpg,101
testday/11_06$frame-0-17-30_2_101_483.jpg,101
testday/11_06$frame-0-17-40_1_101_484.jpg,101
testday/11_06$frame-0-18-40_2_101_485.jpg,101
testday/11_06$frame-0-20-10_1_101_486.jpg,101
testday/11_06$frame-0-21-50_2_101_487.jpg,101
testday/11_06$frame-0-23-30_2_101_488.jpg,101
testday/11_06$frame-0-24-50_1_101_489.jpg,101
testday/11_06$frame-0-26-30_1_101_490.jpg,101
testday/11_06$frame-0-28-40_2_101_491.jpg,101
testday/11_06$frame-0-30-10_2_101_492.jpg,101
testday/11_06$frame-0-30-40_2_101_493.jpg,101
testday/11_06$frame-0-31-10_1_101_494.jpg,101
testday/11_06$frame-0-31-50_2_101_495.jpg,101
testday/11_06$frame-0-35-00_2_101_496.jpg,101
testday/11_06$frame-0-40-30_2_101_497.jpg,101
testday/11_06$frame-0-44-20_2_101_498.jpg,101
testday/11_06$frame-0-47-20_2_101_499.jpg,101
testday/17_04$frame-0-47-20_2_102_0.jpg,102
testday/02_07$frame-0-07-10_1_102_1.jpg,102
testday/02_07$frame-0-08-40_1_102_2.jpg,102
testday/02_07$frame-0-09-10_1_102_3.jpg,102
testday/02_07$frame-0-13-50_1_102_4.jpg,102
testday/02_07$frame-0-28-40_1_102_5.jpg,102
testday/02_07$frame-0-31-20_1_102_6.jpg,102
testday/02_07$frame-0-34-30_1_102_7.jpg,102
testday/02_07$frame-0-40-40_1_102_8.jpg,102
testday/02_08$frame-0-03-10_2_102_9.jpg,102
testday/02_08$frame-0-03-50_2_102_10.jpg,102
testday/02_08$frame-0-04-10_2_102_11.jpg,102
testday/02_08$frame-0-05-10_2_102_12.jpg,102
testday/02_08$frame-0-06-30_1_102_13.jpg,102
testday/02_08$frame-0-36-00_1_102_14.jpg,102
testday/02_08$frame-0-41-30_1_102_15.jpg,102
testday/04_06$frame-0-02-00_2_102_16.jpg,102
testday/04_06$frame-0-02-30_2_102_17.jpg,102
testday/04_06$frame-0-05-30_1_102_18.jpg,102
testday/04_06$frame-0-10-20_1_102_19.jpg,102
testday/04_06$frame-0-11-30_1_102_20.jpg,102
testday/04_06$frame-0-21-50_1_102_21.jpg,102
testday/04_06$frame-0-22-20_1_102_22.jpg,102
testday/04_06$frame-0-32-00_1_102_23.jpg,102
testday/04_06$frame-0-39-10_1_102_24.jpg,102
testday/04_06$frame-0-42-50_1_102_25.jpg,102
testday/04_06$frame-0-43-30_1_102_26.jpg,102
testday/04_06$frame-0-45-00_1_102_27.jpg,102
testday/04_06$frame-0-50-10_1_102_28.jpg,102
testday/04_06$frame-0-50-30_1_102_29.jpg,102
testday/06_08$frame-0-00-30_2_102_30.jpg,102
testday/06_08$frame-0-01-40_1_102_31.jpg,102
testday/06_08$frame-0-04-10_1_102_32.jpg,102
testday/06_08$frame-0-09-30_2_102_33.jpg,102
testday/06_08$frame-0-12-00_1_102_34.jpg,102
testday/06_08$frame-0-16-30_2_102_35.jpg,102
testday/06_08$frame-0-21-40_2_102_36.jpg,102
testday/06_08$frame-0-42-40_1_102_37.jpg,102
testday/06_08$frame-0-44-00_1_102_38.jpg,102
testday/06_08$frame-0-48-20_1_102_39.jpg,102
testday/09_07$frame-0-03-20_1_102_40.jpg,102
testday/09_07$frame-0-04-20_1_102_41.jpg,102
testday/09_07$frame-0-10-20_1_102_42.jpg,102
testday/09_07$frame-0-13-30_1_102_43.jpg,102
testday/12_07$frame-0-03-00_2_102_44.jpg,102
testday/12_07$frame-0-04-30_1_102_45.jpg,102
testday/12_07$frame-0-04-30_2_102_46.jpg,102
testday/12_07$frame-0-05-20_1_102_47.jpg,102
testday/12_07$frame-0-06-50_1_102_48.jpg,102
testday/12_07$frame-0-07-40_1_102_49.jpg,102
testday/12_07$frame-0-17-20_1_102_50.jpg,102
testday/12_07$frame-0-17-50_1_102_51.jpg,102
testday/12_07$frame-0-20-10_1_102_52.jpg,102
testday/12_07$frame-0-23-40_1_102_53.jpg,102
testday/12_07$frame-0-25-10_1_102_54.jpg,102
testday/12_07$frame-0-25-20_1_102_55.jpg,102
testday/12_07$frame-0-26-50_1_102_56.jpg,102
testday/12_07$frame-0-34-00_1_102_57.jpg,102
testday/12_07$frame-0-43-20_1_102_58.jpg,102
testday/12_07$frame-0-45-00_1_102_59.jpg,102
testday/12_07$frame-0-49-30_1_102_60.jpg,102
testday/12_07$frame-0-51-30_1_102_61.jpg,102
testday/16_04$frame-0-03-20_2_102_62.jpg,102
testday/16_04$frame-0-03-20_4_102_63.jpg,102
testday/16_04$frame-0-05-10_2_102_64.jpg,102
testday/16_04$frame-0-06-50_4_102_65.jpg,102
testday/16_04$frame-0-11-00_4_102_66.jpg,102
testday/16_04$frame-0-16-20_3_102_67.jpg,102
testday/16_04$frame-0-19-10_1_102_68.jpg,102
testday/16_04$frame-0-19-20_3_102_69.jpg,102
testday/16_04$frame-0-20-20_2_102_70.jpg,102
testday/16_04$frame-0-24-10_1_102_71.jpg,102
testday/16_04$frame-0-24-50_3_102_72.jpg,102
testday/16_04$frame-0-29-30_1_102_73.jpg,102
testday/16_04$frame-0-31-20_1_102_74.jpg,102
testday/16_04$frame-0-34-40_2_102_75.jpg,102
testday/16_04$frame-0-35-30_3_102_76.jpg,102
testday/16_04$frame-0-37-00_3_102_77.jpg,102
testday/16_04$frame-0-37-30_3_102_78.jpg,102
testday/16_04$frame-0-37-50_3_102_79.jpg,102
testday/16_04$frame-0-47-30_2_102_80.jpg,102
testday/16_04$frame-0-49-10_2_102_81.jpg,102
testday/17_04$frame-0-00-30_1_102_82.jpg,102
testday/17_04$frame-0-03-30_2_102_83.jpg,102
testday/17_04$frame-0-03-40_4_102_84.jpg,102
testday/17_04$frame-0-03-40_4_102_85.jpg,102
testday/17_04$frame-0-06-20_2_102_86.jpg,102
testday/17_04$frame-0-06-20_3_102_87.jpg,102
testday/17_04$frame-0-07-10_2_102_88.jpg,102
testday/17_04$frame-0-13-20_2_102_89.jpg,102
testday/17_04$frame-0-13-40_3_102_90.jpg,102
testday/17_04$frame-0-15-50_3_102_91.jpg,102
testday/17_04$frame-0-16-10_3_102_92.jpg,102
testday/17_04$frame-0-18-10_1_102_93.jpg,102
testday/17_04$frame-0-21-50_1_102_94.jpg,102
testday/17_04$frame-0-22-10_1_102_95.jpg,102
testday/17_04$frame-0-22-50_1_102_96.jpg,102
testday/17_04$frame-0-29-10_1_102_97.jpg,102
testday/17_04$frame-0-29-20_3_102_98.jpg,102
testday/17_04$frame-0-30-10_3_102_99.jpg,102
testday/17_04$frame-0-31-10_3_102_100.jpg,102
testday/17_04$frame-0-35-00_2_102_101.jpg,102
testday/17_04$frame-0-43-00_2_102_102.jpg,102
testday/17_04$frame-0-46-50_3_102_103.jpg,102
testday/17_04$frame-0-47-10_1_102_104.jpg,102
testday/17_04$frame-0-47-20_1_102_105.jpg,102
testday/17_04$frame-0-47-20_3_102_106.jpg,102
testday/17_04$frame-0-49-40_3_102_107.jpg,102
testday/17_04$frame-0-50-10_3_102_108.jpg,102
testday/17_04$frame-0-51-00_2_102_109.jpg,102
testday/22_04$frame-0-05-50_2_102_110.jpg,102
testday/22_04$frame-0-19-00_1_102_111.jpg,102
testday/22_04$frame-0-28-40_1_102_112.jpg,102
testday/22_04$frame-0-33-30_1_102_113.jpg,102
testday/25_07$frame-0-45-10_1_102_114.jpg,102
testday/26_04$frame-0-12-20_3_102_115.jpg,102
testday/26_04$frame-0-12-50_3_102_116.jpg,102
testday/26_04$frame-0-14-20_1_102_117.jpg,102
testday/26_04$frame-0-14-50_2_102_118.jpg,102
testday/26_04$frame-0-25-20_1_102_119.jpg,102
testday/26_04$frame-0-25-30_1_102_120.jpg,102
testday/26_04$frame-0-29-10_1_102_121.jpg,102
testday/26_04$frame-0-30-20_2_102_122.jpg,102
testday/26_04$frame-0-32-20_2_102_123.jpg,102
testday/26_04$frame-0-34-30_2_102_124.jpg,102
testday/26_04$frame-0-43-50_1_102_125.jpg,102
testday/26_04$frame-0-44-20_2_102_126.jpg,102
testday/26_04$frame-0-45-30_2_102_127.jpg,102
testday/28_06$frame-0-05-30_1_102_128.jpg,102
testday/28_06$frame-0-15-10_1_102_129.jpg,102
testday/28_06$frame-0-21-10_1_102_130.jpg,102
testday/28_06$frame-0-32-40_1_102_131.jpg,102
testday/02_06$frame-0-01-00_2_103_0.jpg,103
testday/02_06$frame-0-01-30_1_103_1.jpg,103
testday/02_06$frame-0-01-30_2_103_2.jpg,103
testday/02_06$frame-0-01-50_2_103_3.jpg,103
testday/02_06$frame-0-03-10_2_103_4.jpg,103
testday/02_06$frame-0-03-30_2_103_5.jpg,103
testday/02_06$frame-0-03-50_2_103_6.jpg,103
testday/02_06$frame-0-04-30_1_103_7.jpg,103
testday/02_06$frame-0-11-40_1_103_8.jpg,103
testday/02_06$frame-0-12-50_1_103_9.jpg,103
testday/02_06$frame-0-13-20_1_103_10.jpg,103
testday/02_06$frame-0-18-20_1_103_11.jpg,103
testday/02_06$frame-0-19-20_1_103_12.jpg,103
testday/02_06$frame-0-22-00_1_103_13.jpg,103
testday/02_06$frame-0-29-40_1_103_14.jpg,103
testday/02_08$frame-0-01-40_2_103_15.jpg,103
testday/02_08$frame-0-01-50_2_103_16.jpg,103
testday/02_08$frame-0-03-30_2_103_17.jpg,103
testday/02_08$frame-0-04-00_1_103_18.jpg,103
testday/02_08$frame-0-08-00_1_103_19.jpg,103
testday/02_08$frame-0-09-00_1_103_20.jpg,103
testday/02_08$frame-0-10-30_2_103_21.jpg,103
testday/02_08$frame-0-11-40_1_103_22.jpg,103
testday/02_08$frame-0-12-20_1_103_23.jpg,103
testday/02_08$frame-0-18-20_2_103_24.jpg,103
testday/02_08$frame-0-18-40_2_103_25.jpg,103
testday/02_08$frame-0-19-10_1_103_26.jpg,103
testday/02_08$frame-0-19-50_1_103_27.jpg,103
testday/02_08$frame-0-24-10_2_103_28.jpg,103
testday/02_08$frame-0-24-30_2_103_29.jpg,103
testday/02_08$frame-0-25-50_1_103_30.jpg,103
testday/02_08$frame-0-26-20_2_103_31.jpg,103
testday/02_08$frame-0-37-20_1_103_32.jpg,103
testday/02_08$frame-0-41-50_1_103_33.jpg,103
testday/02_08$frame-0-43-30_1_103_34.jpg,103
testday/02_08$frame-0-46-30_1_103_35.jpg,103
testday/02_08$frame-0-47-40_1_103_36.jpg,103
testday/07_07$frame-0-01-50_2_103_37.jpg,103
testday/07_07$frame-0-03-40_1_103_38.jpg,103
testday/07_07$frame-0-03-50_2_103_39.jpg,103
testday/07_07$frame-0-04-30_1_103_40.jpg,103
testday/07_07$frame-0-05-10_1_103_41.jpg,103
testday/07_07$frame-0-06-20_2_103_42.jpg,103
testday/07_07$frame-0-08-30_2_103_43.jpg,103
testday/07_07$frame-0-09-00_1_103_44.jpg,103
testday/07_07$frame-0-13-10_1_103_45.jpg,103
testday/07_07$frame-0-16-10_1_103_46.jpg,103
testday/07_07$frame-0-16-20_1_103_47.jpg,103
testday/07_07$frame-0-18-50_1_103_48.jpg,103
testday/07_07$frame-0-20-00_1_103_49.jpg,103
testday/07_07$frame-0-22-10_1_103_50.jpg,103
testday/07_07$frame-0-22-50_1_103_51.jpg,103
testday/07_07$frame-0-23-50_1_103_52.jpg,103
testday/07_07$frame-0-25-10_1_103_53.jpg,103
testday/07_07$frame-0-30-00_1_103_54.jpg,103
testday/07_07$frame-0-33-00_1_103_55.jpg,103
testday/07_07$frame-0-37-40_1_103_56.jpg,103
testday/07_07$frame-0-40-10_1_103_57.jpg,103
testday/07_07$frame-0-40-30_1_103_58.jpg,103
testday/07_07$frame-0-43-30_1_103_59.jpg,103
testday/07_07$frame-0-43-50_1_103_60.jpg,103
testday/07_07$frame-0-48-30_1_103_61.jpg,103
testday/07_07$frame-0-48-50_1_103_62.jpg,103
testday/07_07$frame-0-50-10_1_103_63.jpg,103
testday/09_06$frame-0-00-30_3_103_64.jpg,103
testday/09_06$frame-0-01-00_2_103_65.jpg,103
testday/09_06$frame-0-01-30_3_103_66.jpg,103
testday/09_06$frame-0-06-10_2_103_67.jpg,103
testday/09_06$frame-0-07-00_1_103_68.jpg,103
testday/09_06$frame-0-07-40_3_103_69.jpg,103
testday/09_06$frame-0-08-30_1_103_70.jpg,103
testday/09_06$frame-0-09-30_1_103_71.jpg,103
testday/09_06$frame-0-10-10_1_103_72.jpg,103
testday/09_06$frame-0-10-20_2_103_73.jpg,103
testday/09_06$frame-0-12-20_2_103_74.jpg,103
testday/09_06$frame-0-14-30_2_103_75.jpg,103
testday/09_06$frame-0-16-50_1_103_76.jpg,103
testday/09_06$frame-0-23-50_1_103_77.jpg,103
testday/09_06$frame-0-24-00_2_103_78.jpg,103
testday/09_06$frame-0-24-10_1_103_79.jpg,103
testday/09_06$frame-0-24-50_2_103_80.jpg,103
testday/09_06$frame-0-26-20_2_103_81.jpg,103
testday/09_06$frame-0-27-10_1_103_82.jpg,103
testday/09_06$frame-0-29-10_1_103_83.jpg,103
testday/09_06$frame-0-29-40_2_103_84.jpg,103
testday/09_06$frame-0-30-20_2_103_85.jpg,103
testday/09_06$frame-0-30-50_1_103_86.jpg,103
testday/09_06$frame-0-31-20_2_103_87.jpg,103
testday/09_06$frame-0-31-30_1_103_88.jpg,103
testday/09_06$frame-0-32-10_2_103_89.jpg,103
testday/09_06$frame-0-33-30_1_103_90.jpg,103
testday/09_06$frame-0-36-50_1_103_91.jpg,103
testday/09_06$frame-0-36-50_2_103_92.jpg,103
testday/09_06$frame-0-37-20_2_103_93.jpg,103
testday/09_06$frame-0-37-30_1_103_94.jpg,103
testday/09_06$frame-0-38-20_1_103_95.jpg,103
testday/09_06$frame-0-40-00_1_103_96.jpg,103
testday/09_06$frame-0-40-50_1_103_97.jpg,103
testday/09_06$frame-0-44-30_1_103_98.jpg,103
testday/09_06$frame-0-45-00_1_103_99.jpg,103
testday/09_06$frame-0-45-50_2_103_100.jpg,103
testday/09_06$frame-0-49-30_2_103_101.jpg,103
testday/09_06$frame-0-51-20_2_103_102.jpg,103
testday/09_06$frame-0-52-10_2_103_103.jpg,103
testday/18_07$frame-0-01-10_2_103_104.jpg,103
testday/18_07$frame-0-20-50_2_103_105.jpg,103
testday/18_07$frame-0-22-00_2_103_106.jpg,103
testday/18_07$frame-0-23-10_2_103_107.jpg,103
testday/18_07$frame-0-25-40_1_103_108.jpg,103
testday/18_07$frame-0-26-30_2_103_109.jpg,103
testday/18_07$frame-0-27-30_1_103_110.jpg,103
testday/18_07$frame-0-39-30_1_103_111.jpg,103
testday/18_07$frame-0-49-30_1_103_112.jpg,103
testday/20_06$frame-0-00-20_3_103_113.jpg,103
testday/20_06$frame-0-02-40_1_103_114.jpg,103
testday/20_06$frame-0-03-30_2_103_115.jpg,103
testday/20_06$frame-0-04-10_2_103_116.jpg,103
testday/20_06$frame-0-09-50_1_103_117.jpg,103
testday/20_06$frame-0-12-20_3_103_118.jpg,103
testday/20_06$frame-0-12-40_1_103_119.jpg,103
testday/20_06$frame-0-12-50_3_103_120.jpg,103
testday/20_06$frame-0-14-20_2_103_121.jpg,103
testday/20_06$frame-0-14-40_1_103_122.jpg,103
testday/20_06$frame-0-18-40_2_103_123.jpg,103
testday/20_06$frame-0-21-20_2_103_124.jpg,103
testday/20_06$frame-0-23-30_2_103_125.jpg,103
testday/20_06$frame-0-24-10_2_103_126.jpg,103
testday/20_06$frame-0-25-30_2_103_127.jpg,103
testday/20_06$frame-0-28-20_1_103_128.jpg,103
testday/20_06$frame-0-29-40_1_103_129.jpg,103
testday/20_06$frame-0-30-20_1_103_130.jpg,103
testday/20_06$frame-0-32-20_1_103_131.jpg,103
testday/20_06$frame-0-34-10_1_103_132.jpg,103
testday/20_06$frame-0-34-50_2_103_133.jpg,103
testday/20_06$frame-0-36-00_2_103_134.jpg,103
testday/20_06$frame-0-38-00_2_103_135.jpg,103
testday/20_06$frame-0-41-10_2_103_136.jpg,103
testday/20_06$frame-0-45-10_1_103_137.jpg,103
testday/20_06$frame-0-48-00_2_103_138.jpg,103
testday/20_06$frame-0-48-40_2_103_139.jpg,103
testday/20_06$frame-0-49-10_2_103_140.jpg,103
testday/20_06$frame-0-49-40_1_103_141.jpg,103
testday/20_06$frame-0-51-00_1_103_142.jpg,103
testday/23_07$frame-0-09-00_2_103_143.jpg,103
testday/23_07$frame-0-10-00_2_103_144.jpg,103
testday/23_07$frame-0-12-00_1_103_145.jpg,103
testday/25_04$frame-0-01-10_2_103_146.jpg,103
testday/25_04$frame-0-02-10_1_103_147.jpg,103
testday/25_04$frame-0-03-50_3_103_148.jpg,103
testday/25_04$frame-0-09-20_1_103_149.jpg,103
testday/25_04$frame-0-10-20_2_103_150.jpg,103
testday/25_04$frame-0-16-10_1_103_151.jpg,103
testday/25_04$frame-0-17-10_1_103_152.jpg,103
testday/25_04$frame-0-17-30_2_103_153.jpg,103
testday/25_04$frame-0-23-20_1_103_154.jpg,103
testday/25_04$frame-0-27-10_1_103_155.jpg,103
testday/25_04$frame-0-28-00_1_103_156.jpg,103
testday/25_04$frame-0-28-40_2_103_157.jpg,103
testday/25_04$frame-0-30-10_2_103_158.jpg,103
testday/25_04$frame-0-30-20_2_103_159.jpg,103
testday/25_04$frame-0-33-40_2_103_160.jpg,103
testday/25_04$frame-0-33-50_2_103_161.jpg,103
testday/25_04$frame-0-36-10_2_103_162.jpg,103
testday/25_04$frame-0-38-40_2_103_163.jpg,103
testday/25_04$frame-0-39-20_2_103_164.jpg,103
testday/25_04$frame-0-42-10_2_103_165.jpg,103
testday/25_04$frame-0-45-30_2_103_166.jpg,103
testday/25_04$frame-0-46-00_2_103_167.jpg,103
testday/25_04$frame-0-46-20_1_103_168.jpg,103
testday/25_04$frame-0-47-20_1_103_169.jpg,103
testday/26_07$frame-0-06-50_2_103_170.jpg,103
testday/26_07$frame-0-08-20_1_103_171.jpg,103
testday/26_07$frame-0-09-00_1_103_172.jpg,103
testday/26_07$frame-0-10-30_2_103_173.jpg,103
testday/26_07$frame-0-18-40_2_103_174.jpg,103
testday/26_07$frame-0-21-50_1_103_175.jpg,103
testday/26_07$frame-0-22-40_2_103_176.jpg,103
testday/26_07$frame-0-25-50_1_103_177.jpg,103
testday/26_07$frame-0-26-50_2_103_178.jpg,103
testday/26_07$frame-0-30-50_1_103_179.jpg,103
testday/30_06$frame-0-03-30_2_103_180.jpg,103
testday/30_06$frame-0-04-40_2_103_181.jpg,103
testday/30_06$frame-0-08-10_1_103_182.jpg,103
testday/30_06$frame-0-11-10_1_103_183.jpg,103
testday/30_06$frame-0-12-00_1_103_184.jpg,103
testday/30_06$frame-0-15-50_1_103_185.jpg,103
testday/30_06$frame-0-17-10_1_103_186.jpg,103
testday/30_06$frame-0-17-40_1_103_187.jpg,103
testday/30_06$frame-0-19-00_1_103_188.jpg,103
testday/30_06$frame-0-21-00_1_103_189.jpg,103
testday/30_06$frame-0-22-10_1_103_190.jpg,103
testday/30_06$frame-0-22-30_1_103_191.jpg,103
testday/30_06$frame-0-29-40_1_103_192.jpg,103
testday/30_06$frame-0-30-20_1_103_193.jpg,103
testday/30_06$frame-0-31-30_1_103_194.jpg,103
testday/30_06$frame-0-40-30_1_103_195.jpg,103
testday/30_06$frame-0-41-30_1_103_196.jpg,103
testday/30_06$frame-0-42-00_1_103_197.jpg,103
testday/30_06$frame-0-48-10_1_103_198.jpg,103
testday/30_06$frame-0-49-00_1_103_199.jpg,103
testday/31_05$frame-0-24-30_1_103_200.jpg,103
testday/31_05$frame-0-41-50_2_103_201.jpg,103
testday/01_08$frame-0-02-20_2_103_202.jpg,103
testday/02_07$frame-0-02-50_2_103_203.jpg,103
testday/02_07$frame-0-09-40_1_103_204.jpg,103
testday/02_07$frame-0-10-30_1_103_205.jpg,103
testday/02_07$frame-0-10-50_1_103_206.jpg,103
testday/02_07$frame-0-11-10_1_103_207.jpg,103
testday/02_07$frame-0-13-20_1_103_208.jpg,103
testday/02_07$frame-0-17-30_1_103_209.jpg,103
testday/02_07$frame-0-19-30_1_103_210.jpg,103
testday/02_07$frame-0-20-20_1_103_211.jpg,103
testday/02_07$frame-0-21-50_1_103_212.jpg,103
testday/02_07$frame-0-32-10_1_103_213.jpg,103
testday/02_07$frame-0-46-50_1_103_214.jpg,103
testday/02_07$frame-0-47-10_1_103_215.jpg,103
testday/02_07$frame-0-49-40_1_103_216.jpg,103
testday/04_06$frame-0-02-50_1_103_217.jpg,103
testday/04_06$frame-0-03-30_1_103_218.jpg,103
testday/04_06$frame-0-05-30_2_103_219.jpg,103
testday/04_06$frame-0-07-00_2_103_220.jpg,103
testday/04_06$frame-0-07-30_2_103_221.jpg,103
testday/04_06$frame-0-11-00_1_103_222.jpg,103
testday/04_06$frame-0-13-40_1_103_223.jpg,103
testday/04_06$frame-0-16-10_1_103_224.jpg,103
testday/04_06$frame-0-32-20_1_103_225.jpg,103
testday/04_06$frame-0-33-20_1_103_226.jpg,103
testday/04_06$frame-0-37-10_1_103_227.jpg,103
testday/04_06$frame-0-38-50_1_103_228.jpg,103
testday/04_06$frame-0-41-30_1_103_229.jpg,103
testday/04_06$frame-0-44-30_1_103_230.jpg,103
testday/04_06$frame-0-45-30_1_103_231.jpg,103
testday/04_06$frame-0-46-20_1_103_232.jpg,103
testday/23_07$frame-0-19-50_2_103_233.jpg,103
testday/23_07$frame-0-26-00_2_103_234.jpg,103
testday/23_07$frame-0-34-10_1_103_235.jpg,103
testday/23_07$frame-0-51-20_1_103_236.jpg,103
testday/24_04$frame-0-00-40_3_103_237.jpg,103
testday/24_04$frame-0-10-30_2_103_238.jpg,103
testday/24_04$frame-0-12-20_1_103_239.jpg,103
testday/24_04$frame-0-12-30_3_103_240.jpg,103
testday/24_04$frame-0-15-00_3_103_241.jpg,103
testday/24_04$frame-0-17-20_1_103_242.jpg,103
testday/24_04$frame-0-18-00_2_103_243.jpg,103
testday/24_04$frame-0-19-30_2_103_244.jpg,103
testday/24_04$frame-0-23-10_2_103_245.jpg,103
testday/24_04$frame-0-23-20_1_103_246.jpg,103
testday/24_04$frame-0-23-40_2_103_247.jpg,103
testday/24_04$frame-0-26-20_2_103_248.jpg,103
testday/24_04$frame-0-27-00_2_103_249.jpg,103
testday/24_04$frame-0-28-10_2_103_250.jpg,103
testday/24_04$frame-0-28-40_2_103_251.jpg,103
testday/24_04$frame-0-37-20_1_103_252.jpg,103
testday/24_04$frame-0-38-10_1_103_253.jpg,103
testday/24_04$frame-0-38-50_2_103_254.jpg,103
testday/24_04$frame-0-45-20_2_103_255.jpg,103
testday/24_04$frame-0-46-10_1_103_256.jpg,103
testday/24_04$frame-0-49-40_2_103_257.jpg,103
testday/26_07$frame-0-45-00_1_103_258.jpg,103
testday/28_07$frame-0-05-30_1_103_259.jpg,103
testday/28_07$frame-0-09-30_2_103_260.jpg,103
testday/28_07$frame-0-11-40_1_103_261.jpg,103
testday/28_07$frame-0-12-50_1_103_262.jpg,103
testday/28_07$frame-0-13-20_2_103_263.jpg,103
testday/28_07$frame-0-13-30_1_103_264.jpg,103
testday/28_07$frame-0-14-50_2_103_265.jpg,103
testday/28_07$frame-0-15-50_2_103_266.jpg,103
testday/28_07$frame-0-16-00_2_103_267.jpg,103
testday/28_07$frame-0-16-40_2_103_268.jpg,103
testday/28_07$frame-0-19-30_1_103_269.jpg,103
testday/28_07$frame-0-19-50_2_103_270.jpg,103
testday/28_07$frame-0-21-20_2_103_271.jpg,103
testday/28_07$frame-0-21-30_2_103_272.jpg,103
testday/28_07$frame-0-23-50_2_103_273.jpg,103
testday/28_07$frame-0-24-10_2_103_274.jpg,103
testday/28_07$frame-0-28-10_1_103_275.jpg,103
testday/28_07$frame-0-29-10_1_103_276.jpg,103
testday/28_07$frame-0-32-20_1_103_277.jpg,103
testday/28_07$frame-0-32-40_1_103_278.jpg,103
testday/28_07$frame-0-33-20_1_103_279.jpg,103
testday/28_07$frame-0-36-30_1_103_280.jpg,103
testday/28_07$frame-0-43-10_1_103_281.jpg,103
testday/28_07$frame-0-48-20_1_103_282.jpg,103
testday/30_07$frame-0-24-40_1_103_283.jpg,103
testday/30_07$frame-0-26-40_1_103_284.jpg,103
testday/31_05$frame-0-00-40_3_103_285.jpg,103
testday/31_05$frame-0-05-40_3_103_286.jpg,103
testday/31_05$frame-0-09-20_1_103_287.jpg,103
testday/31_05$frame-0-10-10_3_103_288.jpg,103
testday/31_05$frame-0-11-50_1_103_289.jpg,103
testday/31_05$frame-0-12-20_3_103_290.jpg,103
testday/31_05$frame-0-12-40_1_103_291.jpg,103
testday/31_05$frame-0-13-50_2_103_292.jpg,103
testday/31_05$frame-0-16-30_2_103_293.jpg,103
testday/31_05$frame-0-20-30_1_103_294.jpg,103
testday/31_05$frame-0-24-50_1_103_295.jpg,103
testday/31_05$frame-0-25-20_1_103_296.jpg,103
testday/31_05$frame-0-27-40_2_103_297.jpg,103
testday/31_05$frame-0-30-30_1_103_298.jpg,103
testday/31_05$frame-0-32-20_2_103_299.jpg,103
testday/31_05$frame-0-33-30_1_103_300.jpg,103
testday/31_05$frame-0-38-40_1_103_301.jpg,103
testday/06_06$frame-0-49-00_1_104_0.jpg,104
testday/07_08$frame-0-16-20_2_104_1.jpg,104
testday/16_07$frame-0-09-50_2_104_2.jpg,104
testday/01_06$frame-0-02-20_2_104_3.jpg,104
testday/01_06$frame-0-03-30_2_104_4.jpg,104
testday/01_06$frame-0-03-30_3_104_5.jpg,104
testday/01_06$frame-0-03-50_1_104_6.jpg,104
testday/01_06$frame-0-04-10_2_104_7.jpg,104
testday/01_06$frame-0-06-20_3_104_8.jpg,104
testday/01_06$frame-0-07-10_1_104_9.jpg,104
testday/01_06$frame-0-08-40_2_104_10.jpg,104
testday/01_06$frame-0-09-30_1_104_11.jpg,104
testday/01_06$frame-0-10-10_1_104_12.jpg,104
testday/01_06$frame-0-11-30_2_104_13.jpg,104
testday/01_06$frame-0-13-00_1_104_14.jpg,104
testday/01_06$frame-0-14-10_1_104_15.jpg,104
testday/01_06$frame-0-15-30_1_104_16.jpg,104
testday/01_06$frame-0-16-00_1_104_17.jpg,104
testday/01_06$frame-0-16-50_1_104_18.jpg,104
testday/01_06$frame-0-17-20_2_104_19.jpg,104
testday/01_06$frame-0-18-40_2_104_20.jpg,104
testday/01_06$frame-0-19-10_1_104_21.jpg,104
testday/01_06$frame-0-19-40_2_104_22.jpg,104
testday/01_06$frame-0-20-50_2_104_23.jpg,104
testday/01_06$frame-0-22-10_2_104_24.jpg,104
testday/01_06$frame-0-22-40_2_104_25.jpg,104
testday/01_06$frame-0-27-40_1_104_26.jpg,104
testday/01_06$frame-0-28-30_1_104_27.jpg,104
testday/01_06$frame-0-30-00_2_104_28.jpg,104
testday/01_06$frame-0-31-10_2_104_29.jpg,104
testday/01_06$frame-0-35-50_2_104_30.jpg,104
testday/01_06$frame-0-39-30_1_104_31.jpg,104
testday/01_06$frame-0-40-30_1_104_32.jpg,104
testday/01_06$frame-0-41-10_2_104_33.jpg,104
testday/01_06$frame-0-42-50_1_104_34.jpg,104
testday/01_06$frame-0-43-30_1_104_35.jpg,104
testday/01_06$frame-0-44-20_1_104_36.jpg,104
testday/01_06$frame-0-48-30_2_104_37.jpg,104
testday/01_06$frame-0-49-40_2_104_38.jpg,104
testday/01_06$frame-0-50-20_2_104_39.jpg,104
testday/01_07$frame-0-01-50_2_104_40.jpg,104
testday/01_07$frame-0-04-30_2_104_41.jpg,104
testday/01_07$frame-0-08-50_1_104_42.jpg,104
testday/01_07$frame-0-09-10_1_104_43.jpg,104
testday/01_07$frame-0-11-00_1_104_44.jpg,104
testday/01_07$frame-0-11-40_1_104_45.jpg,104
testday/01_07$frame-0-12-20_1_104_46.jpg,104
testday/01_07$frame-0-17-40_1_104_47.jpg,104
testday/01_07$frame-0-21-10_1_104_48.jpg,104
testday/01_07$frame-0-23-00_1_104_49.jpg,104
testday/01_07$frame-0-27-50_1_104_50.jpg,104
testday/01_07$frame-0-28-40_1_104_51.jpg,104
testday/01_07$frame-0-30-30_1_104_52.jpg,104
testday/01_07$frame-0-36-30_1_104_53.jpg,104
testday/01_07$frame-0-39-00_1_104_54.jpg,104
testday/01_07$frame-0-42-10_1_104_55.jpg,104
testday/01_07$frame-0-47-00_1_104_56.jpg,104
testday/03_06$frame-0-01-10_3_104_57.jpg,104
testday/03_06$frame-0-01-40_3_104_58.jpg,104
testday/03_06$frame-0-03-50_1_104_59.jpg,104
testday/03_06$frame-0-05-00_2_104_60.jpg,104
testday/03_06$frame-0-05-00_3_104_61.jpg,104
testday/03_06$frame-0-06-00_3_104_62.jpg,104
testday/03_06$frame-0-06-50_3_104_63.jpg,104
testday/03_06$frame-0-07-00_2_104_64.jpg,104
testday/03_06$frame-0-07-30_1_104_65.jpg,104
testday/03_06$frame-0-08-10_1_104_66.jpg,104
testday/03_06$frame-0-08-40_2_104_67.jpg,104
testday/03_06$frame-0-10-30_2_104_68.jpg,104
testday/03_06$frame-0-10-40_1_104_69.jpg,104
testday/03_06$frame-0-11-10_1_104_70.jpg,104
testday/03_06$frame-0-12-40_2_104_71.jpg,104
testday/03_06$frame-0-13-00_1_104_72.jpg,104
testday/03_06$frame-0-13-20_3_104_73.jpg,104
testday/03_06$frame-0-13-40_3_104_74.jpg,104
testday/03_06$frame-0-15-40_1_104_75.jpg,104
testday/03_06$frame-0-17-30_2_104_76.jpg,104
testday/03_06$frame-0-19-10_2_104_77.jpg,104
testday/03_06$frame-0-20-10_2_104_78.jpg,104
testday/03_06$frame-0-21-00_2_104_79.jpg,104
testday/03_06$frame-0-22-40_1_104_80.jpg,104
testday/03_06$frame-0-24-20_2_104_81.jpg,104
testday/03_06$frame-0-27-00_1_104_82.jpg,104
testday/03_06$frame-0-27-20_2_104_83.jpg,104
testday/03_06$frame-0-28-00_1_104_84.jpg,104
testday/03_06$frame-0-28-10_2_104_85.jpg,104
testday/03_06$frame-0-28-50_1_104_86.jpg,104
testday/03_06$frame-0-28-50_2_104_87.jpg,104
testday/03_06$frame-0-29-30_1_104_88.jpg,104
testday/03_06$frame-0-30-20_1_104_89.jpg,104
testday/03_06$frame-0-33-30_2_104_90.jpg,104
testday/03_06$frame-0-35-10_2_104_91.jpg,104
testday/03_06$frame-0-37-20_2_104_92.jpg,104
testday/03_06$frame-0-38-30_1_104_93.jpg,104
testday/03_06$frame-0-43-00_1_104_94.jpg,104
testday/03_06$frame-0-43-50_1_104_95.jpg,104
testday/03_06$frame-0-45-10_1_104_96.jpg,104
testday/03_06$frame-0-45-40_1_104_97.jpg,104
testday/03_06$frame-0-47-30_2_104_98.jpg,104
testday/03_06$frame-0-48-40_1_104_99.jpg,104
testday/03_07$frame-0-05-10_1_104_100.jpg,104
testday/03_07$frame-0-06-30_1_104_101.jpg,104
testday/03_07$frame-0-08-10_1_104_102.jpg,104
testday/03_07$frame-0-17-10_1_104_103.jpg,104
testday/03_07$frame-0-18-10_1_104_104.jpg,104
testday/03_07$frame-0-18-40_1_104_105.jpg,104
testday/03_07$frame-0-24-00_1_104_106.jpg,104
testday/03_07$frame-0-25-30_1_104_107.jpg,104
testday/03_07$frame-0-26-40_1_104_108.jpg,104
testday/03_07$frame-0-30-00_1_104_109.jpg,104
testday/03_07$frame-0-31-50_1_104_110.jpg,104
testday/03_07$frame-0-32-40_1_104_111.jpg,104
testday/03_07$frame-0-35-00_1_104_112.jpg,104
testday/03_07$frame-0-45-50_1_104_113.jpg,104
testday/04_07$frame-0-13-30_1_104_114.jpg,104
testday/04_07$frame-0-15-40_1_104_115.jpg,104
testday/04_07$frame-0-17-50_1_104_116.jpg,104
testday/04_07$frame-0-21-40_1_104_117.jpg,104
testday/04_07$frame-0-22-40_1_104_118.jpg,104
testday/04_08$frame-0-01-20_2_104_119.jpg,104
testday/04_08$frame-0-02-30_2_104_120.jpg,104
testday/04_08$frame-0-02-50_1_104_121.jpg,104
testday/04_08$frame-0-05-10_2_104_122.jpg,104
testday/04_08$frame-0-06-20_2_104_123.jpg,104
testday/04_08$frame-0-10-00_2_104_124.jpg,104
testday/04_08$frame-0-10-50_1_104_125.jpg,104
testday/04_08$frame-0-11-30_2_104_126.jpg,104
testday/04_08$frame-0-12-30_2_104_127.jpg,104
testday/04_08$frame-0-13-20_2_104_128.jpg,104
testday/04_08$frame-0-15-20_2_104_129.jpg,104
testday/04_08$frame-0-15-40_1_104_130.jpg,104
testday/04_08$frame-0-18-20_1_104_131.jpg,104
testday/04_08$frame-0-19-00_1_104_132.jpg,104
testday/04_08$frame-0-20-30_1_104_133.jpg,104
testday/04_08$frame-0-21-00_2_104_134.jpg,104
testday/04_08$frame-0-22-30_2_104_135.jpg,104
testday/04_08$frame-0-23-50_1_104_136.jpg,104
testday/04_08$frame-0-24-30_1_104_137.jpg,104
testday/04_08$frame-0-25-30_2_104_138.jpg,104
testday/04_08$frame-0-26-10_1_104_139.jpg,104
testday/04_08$frame-0-30-10_1_104_140.jpg,104
testday/04_08$frame-0-31-20_1_104_141.jpg,104
testday/04_08$frame-0-33-50_1_104_142.jpg,104
testday/04_08$frame-0-35-10_1_104_143.jpg,104
testday/04_08$frame-0-35-50_1_104_144.jpg,104
testday/04_08$frame-0-36-20_1_104_145.jpg,104
testday/04_08$frame-0-38-10_1_104_146.jpg,104
testday/04_08$frame-0-39-20_1_104_147.jpg,104
testday/04_08$frame-0-40-50_1_104_148.jpg,104
testday/04_08$frame-0-44-30_1_104_149.jpg,104
testday/04_08$frame-0-46-00_1_104_150.jpg,104
testday/04_08$frame-0-48-40_1_104_151.jpg,104
testday/04_08$frame-0-49-30_1_104_152.jpg,104
testday/04_08$frame-0-51-30_1_104_153.jpg,104
testday/05_06$frame-0-02-20_1_104_154.jpg,104
testday/05_06$frame-0-04-20_2_104_155.jpg,104
testday/05_06$frame-0-06-10_2_104_156.jpg,104
testday/05_06$frame-0-06-10_2_104_157.jpg,104
testday/05_06$frame-0-07-00_2_104_158.jpg,104
testday/05_06$frame-0-08-30_1_104_159.jpg,104
testday/05_06$frame-0-09-00_1_104_160.jpg,104
testday/05_06$frame-0-09-40_2_104_161.jpg,104
testday/05_06$frame-0-11-40_2_104_162.jpg,104
testday/05_06$frame-0-12-50_3_104_163.jpg,104
testday/05_06$frame-0-13-20_3_104_164.jpg,104
testday/05_06$frame-0-13-30_1_104_165.jpg,104
testday/05_06$frame-0-15-00_1_104_166.jpg,104
testday/05_06$frame-0-15-20_2_104_167.jpg,104
testday/05_06$frame-0-18-00_1_104_168.jpg,104
testday/05_06$frame-0-18-20_2_104_169.jpg,104
testday/05_06$frame-0-20-50_1_104_170.jpg,104
testday/05_06$frame-0-22-00_2_104_171.jpg,104
testday/05_06$frame-0-23-10_1_104_172.jpg,104
testday/05_06$frame-0-24-10_1_104_173.jpg,104
testday/05_06$frame-0-26-00_1_104_174.jpg,104
testday/05_06$frame-0-28-00_1_104_175.jpg,104
testday/05_06$frame-0-29-10_1_104_176.jpg,104
testday/05_06$frame-0-32-30_2_104_177.jpg,104
testday/05_06$frame-0-33-50_2_104_178.jpg,104
testday/05_06$frame-0-34-20_2_104_179.jpg,104
testday/05_06$frame-0-35-30_1_104_180.jpg,104
testday/05_06$frame-0-36-00_2_104_181.jpg,104
testday/05_06$frame-0-37-40_2_104_182.jpg,104
testday/05_06$frame-0-38-20_1_104_183.jpg,104
testday/05_06$frame-0-42-50_1_104_184.jpg,104
testday/05_06$frame-0-44-50_1_104_185.jpg,104
testday/05_06$frame-0-45-20_1_104_186.jpg,104
testday/05_06$frame-0-45-30_2_104_187.jpg,104
testday/05_06$frame-0-46-40_2_104_188.jpg,104
testday/05_06$frame-0-47-10_1_104_189.jpg,104
testday/05_06$frame-0-48-00_2_104_190.jpg,104
testday/05_06$frame-0-48-30_2_104_191.jpg,104
testday/05_06$frame-0-48-50_2_104_192.jpg,104
testday/05_06$frame-0-49-20_2_104_193.jpg,104
testday/05_06$frame-0-52-00_2_104_194.jpg,104
testday/05_07$frame-0-03-30_1_104_195.jpg,104
testday/05_07$frame-0-05-00_2_104_196.jpg,104
testday/05_07$frame-0-05-20_1_104_197.jpg,104
testday/05_07$frame-0-06-30_1_104_198.jpg,104
testday/05_07$frame-0-07-00_2_104_199.jpg,104
testday/05_07$frame-0-10-00_1_104_200.jpg,104
testday/05_07$frame-0-14-40_1_104_201.jpg,104
testday/05_07$frame-0-21-20_1_104_202.jpg,104
testday/05_07$frame-0-23-10_1_104_203.jpg,104
testday/05_07$frame-0-34-20_1_104_204.jpg,104
testday/05_07$frame-0-35-00_1_104_205.jpg,104
testday/05_07$frame-0-42-50_1_104_206.jpg,104
testday/05_07$frame-0-50-50_1_104_207.jpg,104
testday/05_08$frame-0-00-20_2_104_208.jpg,104
testday/05_08$frame-0-08-20_2_104_209.jpg,104
testday/05_08$frame-0-08-40_2_104_210.jpg,104
testday/05_08$frame-0-09-00_2_104_211.jpg,104
testday/05_08$frame-0-11-20_2_104_212.jpg,104
testday/05_08$frame-0-13-40_1_104_213.jpg,104
testday/05_08$frame-0-14-30_2_104_214.jpg,104
testday/05_08$frame-0-14-50_1_104_215.jpg,104
testday/05_08$frame-0-14-50_2_104_216.jpg,104
testday/05_08$frame-0-17-10_2_104_217.jpg,104
testday/05_08$frame-0-23-20_2_104_218.jpg,104
testday/05_08$frame-0-23-40_1_104_219.jpg,104
testday/05_08$frame-0-26-10_2_104_220.jpg,104
testday/05_08$frame-0-35-10_1_104_221.jpg,104
testday/05_08$frame-0-36-40_1_104_222.jpg,104
testday/05_08$frame-0-38-00_1_104_223.jpg,104
testday/05_08$frame-0-43-30_1_104_224.jpg,104
testday/05_08$frame-0-45-20_1_104_225.jpg,104
testday/06_06$frame-0-00-20_2_104_226.jpg,104
testday/06_06$frame-0-01-30_2_104_227.jpg,104
testday/06_06$frame-0-02-00_2_104_228.jpg,104
testday/06_06$frame-0-02-30_1_104_229.jpg,104
testday/06_06$frame-0-02-30_2_104_230.jpg,104
testday/06_06$frame-0-04-00_1_104_231.jpg,104
testday/06_06$frame-0-04-20_2_104_232.jpg,104
testday/06_06$frame-0-04-50_1_104_233.jpg,104
testday/06_06$frame-0-05-50_1_104_234.jpg,104
testday/06_06$frame-0-06-20_1_104_235.jpg,104
testday/06_06$frame-0-06-40_1_104_236.jpg,104
testday/06_06$frame-0-06-40_2_104_237.jpg,104
testday/06_06$frame-0-10-00_2_104_238.jpg,104
testday/06_06$frame-0-10-30_2_104_239.jpg,104
testday/06_06$frame-0-12-00_1_104_240.jpg,104
testday/06_06$frame-0-12-00_2_104_241.jpg,104
testday/06_06$frame-0-12-50_1_104_242.jpg,104
testday/06_06$frame-0-14-20_1_104_243.jpg,104
testday/06_06$frame-0-15-00_1_104_244.jpg,104
testday/06_06$frame-0-15-10_1_104_245.jpg,104
testday/06_06$frame-0-16-20_1_104_246.jpg,104
testday/06_06$frame-0-18-00_1_104_247.jpg,104
testday/06_06$frame-0-24-50_1_104_248.jpg,104
testday/06_06$frame-0-25-10_1_104_249.jpg,104
testday/06_06$frame-0-30-00_1_104_250.jpg,104
testday/06_06$frame-0-30-40_1_104_251.jpg,104
testday/06_06$frame-0-31-20_1_104_252.jpg,104
testday/06_06$frame-0-32-40_1_104_253.jpg,104
testday/06_06$frame-0-34-50_1_104_254.jpg,104
testday/06_06$frame-0-36-00_1_104_255.jpg,104
testday/06_06$frame-0-36-20_1_104_256.jpg,104
testday/06_06$frame-0-37-10_1_104_257.jpg,104
testday/06_06$frame-0-41-30_1_104_258.jpg,104
testday/06_06$frame-0-42-10_1_104_259.jpg,104
testday/06_06$frame-0-42-40_1_104_260.jpg,104
testday/06_06$frame-0-48-20_1_104_261.jpg,104
testday/06_06$frame-0-49-20_1_104_262.jpg,104
testday/06_06$frame-0-49-40_1_104_263.jpg,104
testday/06_06$frame-0-51-10_1_104_264.jpg,104
testday/06_07$frame-0-00-50_2_104_265.jpg,104
testday/06_07$frame-0-02-00_2_104_266.jpg,104
testday/06_07$frame-0-02-20_2_104_267.jpg,104
testday/06_07$frame-0-03-10_1_104_268.jpg,104
testday/06_07$frame-0-03-40_1_104_269.jpg,104
testday/06_07$frame-0-03-40_2_104_270.jpg,104
testday/06_07$frame-0-04-30_2_104_271.jpg,104
testday/06_07$frame-0-04-40_1_104_272.jpg,104
testday/06_07$frame-0-05-20_1_104_273.jpg,104
testday/06_07$frame-0-05-50_1_104_274.jpg,104
testday/06_07$frame-0-07-30_2_104_275.jpg,104
testday/06_07$frame-0-09-30_1_104_276.jpg,104
testday/06_07$frame-0-12-10_1_104_277.jpg,104
testday/06_07$frame-0-14-10_1_104_278.jpg,104
testday/06_07$frame-0-18-10_1_104_279.jpg,104
testday/06_07$frame-0-20-50_1_104_280.jpg,104
testday/06_07$frame-0-21-20_1_104_281.jpg,104
testday/06_07$frame-0-21-50_1_104_282.jpg,104
testday/06_07$frame-0-23-20_1_104_283.jpg,104
testday/06_07$frame-0-23-50_1_104_284.jpg,104
testday/06_07$frame-0-24-20_1_104_285.jpg,104
testday/06_07$frame-0-25-30_1_104_286.jpg,104
testday/06_07$frame-0-26-30_1_104_287.jpg,104
testday/06_07$frame-0-27-40_1_104_288.jpg,104
testday/06_07$frame-0-29-50_1_104_289.jpg,104
testday/06_07$frame-0-31-00_1_104_290.jpg,104
testday/06_07$frame-0-33-40_1_104_291.jpg,104
testday/06_07$frame-0-34-20_1_104_292.jpg,104
testday/06_07$frame-0-36-00_1_104_293.jpg,104
testday/06_07$frame-0-36-20_1_104_294.jpg,104
testday/06_07$frame-0-39-00_1_104_295.jpg,104
testday/06_07$frame-0-41-30_1_104_296.jpg,104
testday/06_07$frame-0-42-00_1_104_297.jpg,104
testday/06_07$frame-0-43-50_1_104_298.jpg,104
testday/06_07$frame-0-44-20_1_104_299.jpg,104
testday/06_07$frame-0-46-40_1_104_300.jpg,104
testday/06_07$frame-0-47-20_1_104_301.jpg,104
testday/06_07$frame-0-47-50_1_104_302.jpg,104
testday/06_07$frame-0-51-00_1_104_303.jpg,104
testday/06_08$frame-0-03-30_1_104_304.jpg,104
testday/06_08$frame-0-03-50_1_104_305.jpg,104
testday/06_08$frame-0-06-40_2_104_306.jpg,104
testday/06_08$frame-0-07-20_1_104_307.jpg,104
testday/06_08$frame-0-07-50_1_104_308.jpg,104
testday/06_08$frame-0-08-20_2_104_309.jpg,104
testday/06_08$frame-0-08-40_1_104_310.jpg,104
testday/06_08$frame-0-10-00_1_104_311.jpg,104
testday/06_08$frame-0-10-10_2_104_312.jpg,104
testday/06_08$frame-0-10-40_1_104_313.jpg,104
testday/06_08$frame-0-13-00_2_104_314.jpg,104
testday/06_08$frame-0-13-40_2_104_315.jpg,104
testday/06_08$frame-0-15-10_2_104_316.jpg,104
testday/06_08$frame-0-15-40_2_104_317.jpg,104
testday/06_08$frame-0-16-20_2_104_318.jpg,104
testday/06_08$frame-0-18-10_2_104_319.jpg,104
testday/06_08$frame-0-18-30_2_104_320.jpg,104
testday/06_08$frame-0-18-40_1_104_321.jpg,104
testday/06_08$frame-0-19-00_2_104_322.jpg,104
testday/06_08$frame-0-20-00_2_104_323.jpg,104
testday/06_08$frame-0-20-50_1_104_324.jpg,104
testday/06_08$frame-0-21-00_2_104_325.jpg,104
testday/06_08$frame-0-22-30_2_104_326.jpg,104
testday/06_08$frame-0-22-40_1_104_327.jpg,104
testday/06_08$frame-0-22-50_2_104_328.jpg,104
testday/06_08$frame-0-24-00_1_104_329.jpg,104
testday/06_08$frame-0-24-30_1_104_330.jpg,104
testday/06_08$frame-0-24-50_1_104_331.jpg,104
testday/06_08$frame-0-25-30_2_104_332.jpg,104
testday/06_08$frame-0-26-10_2_104_333.jpg,104
testday/06_08$frame-0-26-50_2_104_334.jpg,104
testday/06_08$frame-0-29-30_1_104_335.jpg,104
testday/06_08$frame-0-30-40_1_104_336.jpg,104
testday/06_08$frame-0-34-00_1_104_337.jpg,104
testday/06_08$frame-0-35-50_1_104_338.jpg,104
testday/06_08$frame-0-36-50_1_104_339.jpg,104
testday/06_08$frame-0-38-10_1_104_340.jpg,104
testday/06_08$frame-0-38-20_1_104_341.jpg,104
testday/06_08$frame-0-45-40_1_104_342.jpg,104
testday/06_08$frame-0-47-50_1_104_343.jpg,104
testday/06_08$frame-0-51-40_1_104_344.jpg,104
testday/07_06$frame-0-01-00_3_104_345.jpg,104
testday/07_06$frame-0-01-40_3_104_346.jpg,104
testday/07_06$frame-0-02-00_3_104_347.jpg,104
testday/07_06$frame-0-03-40_3_104_348.jpg,104
testday/07_06$frame-0-04-20_2_104_349.jpg,104
testday/07_06$frame-0-04-50_1_104_350.jpg,104
testday/07_06$frame-0-05-10_3_104_351.jpg,104
testday/07_06$frame-0-06-10_1_104_352.jpg,104
testday/07_06$frame-0-07-30_1_104_353.jpg,104
testday/07_06$frame-0-07-50_1_104_354.jpg,104
testday/07_06$frame-0-08-50_3_104_355.jpg,104
testday/07_06$frame-0-10-20_3_104_356.jpg,104
testday/07_06$frame-0-11-50_2_104_357.jpg,104
testday/07_06$frame-0-13-00_1_104_358.jpg,104
testday/07_06$frame-0-13-30_1_104_359.jpg,104
testday/07_06$frame-0-13-40_2_104_360.jpg,104
testday/07_06$frame-0-15-30_1_104_361.jpg,104
testday/07_06$frame-0-15-30_2_104_362.jpg,104
testday/07_06$frame-0-16-20_1_104_363.jpg,104
testday/07_06$frame-0-17-20_1_104_364.jpg,104
testday/07_06$frame-0-17-40_2_104_365.jpg,104
testday/07_06$frame-0-18-40_1_104_366.jpg,104
testday/07_06$frame-0-19-00_2_104_367.jpg,104
testday/07_06$frame-0-19-40_1_104_368.jpg,104
testday/07_06$frame-0-19-40_2_104_369.jpg,104
testday/07_06$frame-0-20-40_1_104_370.jpg,104
testday/07_06$frame-0-21-10_1_104_371.jpg,104
testday/07_06$frame-0-24-10_1_104_372.jpg,104
testday/07_06$frame-0-26-20_1_104_373.jpg,104
testday/07_06$frame-0-29-50_2_104_374.jpg,104
testday/07_06$frame-0-30-20_2_104_375.jpg,104
testday/07_06$frame-0-30-50_1_104_376.jpg,104
testday/07_06$frame-0-33-10_1_104_377.jpg,104
testday/07_06$frame-0-37-40_1_104_378.jpg,104
testday/07_06$frame-0-39-10_1_104_379.jpg,104
testday/07_06$frame-0-39-20_2_104_380.jpg,104
testday/07_06$frame-0-40-40_2_104_381.jpg,104
testday/07_06$frame-0-41-00_1_104_382.jpg,104
testday/07_06$frame-0-42-50_1_104_383.jpg,104
testday/07_06$frame-0-48-50_2_104_384.jpg,104
testday/07_06$frame-0-51-30_1_104_385.jpg,104
testday/07_08$frame-0-00-00_2_104_386.jpg,104
testday/07_08$frame-0-00-20_2_104_387.jpg,104
testday/07_08$frame-0-02-40_2_104_388.jpg,104
testday/07_08$frame-0-03-30_2_104_389.jpg,104
testday/07_08$frame-0-04-10_2_104_390.jpg,104
testday/07_08$frame-0-06-40_2_104_391.jpg,104
testday/07_08$frame-0-07-10_1_104_392.jpg,104
testday/07_08$frame-0-07-30_1_104_393.jpg,104
testday/07_08$frame-0-08-10_1_104_394.jpg,104
testday/07_08$frame-0-08-20_2_104_395.jpg,104
testday/07_08$frame-0-10-10_2_104_396.jpg,104
testday/07_08$frame-0-11-00_2_104_397.jpg,104
testday/07_08$frame-0-11-10_2_104_398.jpg,104
testday/07_08$frame-0-12-50_1_104_399.jpg,104
testday/07_08$frame-0-13-10_1_104_400.jpg,104
testday/07_08$frame-0-13-40_1_104_401.jpg,104
testday/07_08$frame-0-15-50_1_104_402.jpg,104
testday/07_08$frame-0-16-30_2_104_403.jpg,104
testday/07_08$frame-0-17-00_1_104_404.jpg,104
testday/07_08$frame-0-17-40_1_104_405.jpg,104
testday/07_08$frame-0-19-10_1_104_406.jpg,104
testday/07_08$frame-0-21-30_2_104_407.jpg,104
testday/07_08$frame-0-22-20_1_104_408.jpg,104
testday/07_08$frame-0-22-20_2_104_409.jpg,104
testday/07_08$frame-0-23-10_1_104_410.jpg,104
testday/07_08$frame-0-24-30_1_104_411.jpg,104
testday/07_08$frame-0-26-10_1_104_412.jpg,104
testday/07_08$frame-0-27-50_1_104_413.jpg,104
testday/07_08$frame-0-30-30_1_104_414.jpg,104
testday/07_08$frame-0-33-40_1_104_415.jpg,104
testday/07_08$frame-0-34-10_1_104_416.jpg,104
testday/07_08$frame-0-34-10_1_104_417.jpg,104
testday/07_08$frame-0-39-00_1_104_418.jpg,104
testday/07_08$frame-0-40-30_1_104_419.jpg,104
testday/07_08$frame-0-44-20_1_104_420.jpg,104
testday/07_08$frame-0-45-20_1_104_421.jpg,104
testday/07_08$frame-0-47-00_1_104_422.jpg,104
testday/07_08$frame-0-48-00_1_104_423.jpg,104
testday/07_08$frame-0-49-10_1_104_424.jpg,104
testday/07_08$frame-0-52-40_1_104_425.jpg,104
testday/08_06$frame-0-00-10_2_104_426.jpg,104
testday/08_06$frame-0-01-20_2_104_427.jpg,104
testday/08_06$frame-0-01-20_3_104_428.jpg,104
testday/08_06$frame-0-02-20_3_104_429.jpg,104
testday/08_06$frame-0-03-10_2_104_430.jpg,104
testday/08_06$frame-0-04-30_1_104_431.jpg,104
testday/08_06$frame-0-04-40_2_104_432.jpg,104
testday/08_06$frame-0-05-00_1_104_433.jpg,104
testday/08_06$frame-0-05-10_1_104_434.jpg,104
testday/08_06$frame-0-06-20_1_104_435.jpg,104
testday/08_06$frame-0-06-20_3_104_436.jpg,104
testday/08_06$frame-0-07-10_1_104_437.jpg,104
testday/08_06$frame-0-07-10_3_104_438.jpg,104
testday/08_06$frame-0-07-20_1_104_439.jpg,104
testday/08_06$frame-0-08-10_2_104_440.jpg,104
testday/08_06$frame-0-08-40_1_104_441.jpg,104
testday/08_06$frame-0-09-30_1_104_442.jpg,104
testday/08_06$frame-0-11-10_1_104_443.jpg,104
testday/08_06$frame-0-11-20_2_104_444.jpg,104
testday/08_06$frame-0-11-50_1_104_445.jpg,104
testday/08_06$frame-0-12-30_2_104_446.jpg,104
testday/08_06$frame-0-12-40_1_104_447.jpg,104
testday/08_06$frame-0-13-20_1_104_448.jpg,104
testday/08_06$frame-0-13-20_3_104_449.jpg,104
testday/08_06$frame-0-13-30_2_104_450.jpg,104
testday/08_06$frame-0-13-40_1_104_451.jpg,104
testday/08_06$frame-0-16-50_1_104_452.jpg,104
testday/08_06$frame-0-17-50_1_104_453.jpg,104
testday/08_06$frame-0-18-10_1_104_454.jpg,104
testday/08_06$frame-0-19-50_1_104_455.jpg,104
testday/08_06$frame-0-20-50_1_104_456.jpg,104
testday/08_06$frame-0-21-40_1_104_457.jpg,104
testday/08_06$frame-0-22-20_1_104_458.jpg,104
testday/08_06$frame-0-24-40_1_104_459.jpg,104
testday/08_06$frame-0-25-20_1_104_460.jpg,104
testday/08_06$frame-0-26-10_2_104_461.jpg,104
testday/08_06$frame-0-26-30_2_104_462.jpg,104
testday/08_06$frame-0-27-00_1_104_463.jpg,104
testday/08_06$frame-0-27-30_2_104_464.jpg,104
testday/08_06$frame-0-27-50_1_104_465.jpg,104
testday/08_06$frame-0-28-40_1_104_466.jpg,104
testday/08_06$frame-0-28-40_2_104_467.jpg,104
testday/08_06$frame-0-29-50_2_104_468.jpg,104
testday/08_06$frame-0-30-10_1_104_469.jpg,104
testday/08_06$frame-0-31-00_2_104_470.jpg,104
testday/08_06$frame-0-31-20_1_104_471.jpg,104
testday/08_06$frame-0-31-40_2_104_472.jpg,104
testday/08_06$frame-0-32-20_1_104_473.jpg,104
testday/08_06$frame-0-32-30_2_104_474.jpg,104
testday/08_06$frame-0-32-50_1_104_475.jpg,104
testday/08_06$frame-0-33-50_1_104_476.jpg,104
testday/08_06$frame-0-34-30_2_104_477.jpg,104
testday/08_06$frame-0-35-20_1_104_478.jpg,104
testday/08_06$frame-0-37-20_1_104_479.jpg,104
testday/08_06$frame-0-38-40_2_104_480.jpg,104
testday/08_06$frame-0-40-20_1_104_481.jpg,104
testday/08_06$frame-0-40-40_1_104_482.jpg,104
testday/08_06$frame-0-41-50_1_104_483.jpg,104
testday/08_06$frame-0-45-10_1_104_484.jpg,104
testday/08_06$frame-0-45-40_1_104_485.jpg,104
testday/08_06$frame-0-49-40_1_104_486.jpg,104
testday/08_06$frame-0-49-40_2_104_487.jpg,104
testday/08_06$frame-0-51-20_1_104_488.jpg,104
testday/09_07$frame-0-02-10_1_104_489.jpg,104
testday/09_07$frame-0-07-20_1_104_490.jpg,104
testday/09_07$frame-0-07-50_1_104_491.jpg,104
testday/09_07$frame-0-08-20_1_104_492.jpg,104
testday/09_07$frame-0-09-10_1_104_493.jpg,104
testday/09_07$frame-0-12-40_1_104_494.jpg,104
testday/09_07$frame-0-14-00_1_104_495.jpg,104
testday/09_07$frame-0-14-20_1_104_496.jpg,104
testday/09_07$frame-0-15-00_1_104_497.jpg,104
testday/09_07$frame-0-16-30_1_104_498.jpg,104
testday/09_07$frame-0-19-10_1_104_499.jpg,104
testday/05_06$frame-0-03-00_1_105_0.jpg,105
testday/08_07$frame-0-07-30_2_105_1.jpg,105
testday/15_04$frame-0-12-50_2_105_2.jpg,105
testday/18_06$frame-0-29-20_2_105_3.jpg,105
testday/18_06$frame-0-34-50_1_105_4.jpg,105
testday/18_06$frame-0-37-10_2_105_5.jpg,105
testday/18_06$frame-0-47-20_1_105_6.jpg,105
testday/18_06$frame-0-50-00_1_105_7.jpg,105
testday/23_06$frame-0-21-40_1_105_8.jpg,105
testday/28_04$frame-0-05-40_1_105_9.jpg,105
testday/03_07$frame-0-20-20_1_105_10.jpg,105
testday/03_07$frame-0-21-00_1_105_11.jpg,105
testday/03_07$frame-0-28-50_1_105_12.jpg,105
testday/03_07$frame-0-37-30_1_105_13.jpg,105
testday/03_07$frame-0-40-20_1_105_14.jpg,105
testday/03_07$frame-0-44-00_1_105_15.jpg,105
testday/05_06$frame-0-01-20_1_105_16.jpg,105
testday/05_06$frame-0-03-40_2_105_17.jpg,105
testday/05_06$frame-0-05-40_1_105_18.jpg,105
testday/05_06$frame-0-07-40_3_105_19.jpg,105
testday/05_06$frame-0-07-50_1_105_20.jpg,105
testday/05_06$frame-0-08-00_3_105_21.jpg,105
testday/05_06$frame-0-10-20_3_105_22.jpg,105
testday/05_06$frame-0-12-20_1_105_23.jpg,105
testday/05_06$frame-0-13-20_2_105_24.jpg,105
testday/05_06$frame-0-15-00_2_105_25.jpg,105
testday/05_06$frame-0-18-40_2_105_26.jpg,105
testday/05_06$frame-0-25-10_2_105_27.jpg,105
testday/05_06$frame-0-27-20_2_105_28.jpg,105
testday/05_06$frame-0-27-30_1_105_29.jpg,105
testday/05_06$frame-0-29-20_2_105_30.jpg,105
testday/05_06$frame-0-30-50_1_105_31.jpg,105
testday/05_06$frame-0-32-00_2_105_32.jpg,105
testday/05_06$frame-0-33-10_2_105_33.jpg,105
testday/05_06$frame-0-35-30_2_105_34.jpg,105
testday/05_06$frame-0-36-30_1_105_35.jpg,105
testday/05_06$frame-0-39-00_2_105_36.jpg,105
testday/05_06$frame-0-39-40_2_105_37.jpg,105
testday/05_06$frame-0-41-10_2_105_38.jpg,105
testday/05_06$frame-0-42-40_2_105_39.jpg,105
testday/05_06$frame-0-43-20_1_105_40.jpg,105
testday/05_06$frame-0-43-50_1_105_41.jpg,105
testday/05_06$frame-0-45-10_2_105_42.jpg,105
testday/05_06$frame-0-47-40_1_105_43.jpg,105
testday/05_06$frame-0-49-40_2_105_44.jpg,105
testday/05_06$frame-0-51-10_1_105_45.jpg,105
testday/05_06$frame-0-51-20_2_105_46.jpg,105
testday/08_06$frame-0-11-50_1_105_47.jpg,105
testday/08_07$frame-0-00-30_2_105_48.jpg,105
testday/08_07$frame-0-04-40_1_105_49.jpg,105
testday/08_07$frame-0-05-10_1_105_50.jpg,105
testday/08_07$frame-0-11-10_1_105_51.jpg,105
testday/08_07$frame-0-26-30_1_105_52.jpg,105
testday/08_07$frame-0-28-10_1_105_53.jpg,105
testday/10_06$frame-0-01-20_3_105_54.jpg,105
testday/10_06$frame-0-02-10_3_105_55.jpg,105
testday/10_06$frame-0-03-40_2_105_56.jpg,105
testday/10_06$frame-0-04-10_2_105_57.jpg,105
testday/10_06$frame-0-04-50_1_105_58.jpg,105
testday/10_06$frame-0-14-20_1_105_59.jpg,105
testday/10_06$frame-0-16-10_2_105_60.jpg,105
testday/10_06$frame-0-19-50_1_105_61.jpg,105
testday/10_06$frame-0-20-40_2_105_62.jpg,105
testday/10_06$frame-0-30-30_1_105_63.jpg,105
testday/10_06$frame-0-31-00_2_105_64.jpg,105
testday/10_06$frame-0-32-40_2_105_65.jpg,105
testday/10_06$frame-0-34-10_2_105_66.jpg,105
testday/10_06$frame-0-36-50_2_105_67.jpg,105
testday/10_06$frame-0-39-30_2_105_68.jpg,105
testday/10_06$frame-0-40-20_2_105_69.jpg,105
testday/10_06$frame-0-44-40_1_105_70.jpg,105
testday/10_06$frame-0-45-30_2_105_71.jpg,105
testday/10_06$frame-0-46-30_2_105_72.jpg,105
testday/10_06$frame-0-48-40_1_105_73.jpg,105
testday/10_06$frame-0-48-50_2_105_74.jpg,105
testday/10_06$frame-0-49-30_2_105_75.jpg,105
testday/10_06$frame-0-51-50_1_105_76.jpg,105
testday/11_07$frame-0-00-30_2_105_77.jpg,105
testday/11_07$frame-0-09-30_1_105_78.jpg,105
testday/11_07$frame-0-20-00_1_105_79.jpg,105
testday/12_07$frame-0-01-50_1_105_80.jpg,105
testday/12_07$frame-0-02-20_1_105_81.jpg,105
testday/12_07$frame-0-06-20_1_105_82.jpg,105
testday/12_07$frame-0-12-10_1_105_83.jpg,105
testday/12_07$frame-0-13-40_1_105_84.jpg,105
testday/12_07$frame-0-30-00_1_105_85.jpg,105
testday/12_07$frame-0-31-20_1_105_86.jpg,105
testday/12_07$frame-0-39-00_1_105_87.jpg,105
testday/12_07$frame-0-42-10_1_105_88.jpg,105
testday/12_07$frame-0-49-00_1_105_89.jpg,105
testday/13_06$frame-0-00-10_2_105_90.jpg,105
testday/13_06$frame-0-05-40_2_105_91.jpg,105
testday/13_06$frame-0-11-00_2_105_92.jpg,105
testday/13_06$frame-0-11-30_2_105_93.jpg,105
testday/13_06$frame-0-13-20_2_105_94.jpg,105
testday/13_06$frame-0-16-00_1_105_95.jpg,105
testday/13_06$frame-0-35-00_1_105_96.jpg,105
testday/13_06$frame-0-51-50_1_105_97.jpg,105
testday/15_04$frame-0-00-00_1_105_98.jpg,105
testday/15_04$frame-0-00-20_3_105_99.jpg,105
testday/15_04$frame-0-00-50_2_105_100.jpg,105
testday/15_04$frame-0-00-50_3_105_101.jpg,105
testday/15_04$frame-0-01-20_4_105_102.jpg,105
testday/15_04$frame-0-01-50_1_105_103.jpg,105
testday/15_04$frame-0-02-00_2_105_104.jpg,105
testday/15_04$frame-0-02-30_2_105_105.jpg,105
testday/15_04$frame-0-03-10_4_105_106.jpg,105
testday/15_04$frame-0-06-30_3_105_107.jpg,105
testday/15_04$frame-0-06-40_2_105_108.jpg,105
testday/15_04$frame-0-08-10_2_105_109.jpg,105
testday/15_04$frame-0-09-10_2_105_110.jpg,105
testday/15_04$frame-0-10-00_1_105_111.jpg,105
testday/15_04$frame-0-10-50_1_105_112.jpg,105
testday/15_04$frame-0-11-10_2_105_113.jpg,105
testday/15_04$frame-0-11-40_3_105_114.jpg,105
testday/15_04$frame-0-11-50_3_105_115.jpg,105
testday/15_04$frame-0-12-20_3_105_116.jpg,105
testday/15_04$frame-0-13-30_1_105_117.jpg,105
testday/15_04$frame-0-13-50_3_105_118.jpg,105
testday/15_04$frame-0-14-30_2_105_119.jpg,105
testday/15_04$frame-0-18-50_3_105_120.jpg,105
testday/15_04$frame-0-19-10_3_105_121.jpg,105
testday/15_04$frame-0-19-40_1_105_122.jpg,105
testday/15_04$frame-0-20-00_1_105_123.jpg,105
testday/15_04$frame-0-20-50_2_105_124.jpg,105
testday/15_04$frame-0-21-10_1_105_125.jpg,105
testday/15_04$frame-0-21-20_2_105_126.jpg,105
testday/15_04$frame-0-22-10_2_105_127.jpg,105
testday/15_04$frame-0-22-30_2_105_128.jpg,105
testday/15_04$frame-0-24-00_1_105_129.jpg,105
testday/15_04$frame-0-24-40_1_105_130.jpg,105
testday/15_04$frame-0-27-00_2_105_131.jpg,105
testday/15_04$frame-0-29-00_2_105_132.jpg,105
testday/15_04$frame-0-29-30_1_105_133.jpg,105
testday/15_04$frame-0-29-40_2_105_134.jpg,105
testday/15_04$frame-0-31-00_1_105_135.jpg,105
testday/15_04$frame-0-33-20_1_105_136.jpg,105
testday/15_04$frame-0-34-10_1_105_137.jpg,105
testday/15_04$frame-0-34-40_2_105_138.jpg,105
testday/15_04$frame-0-35-00_2_105_139.jpg,105
testday/15_04$frame-0-35-40_2_105_140.jpg,105
testday/15_04$frame-0-36-20_4_105_141.jpg,105
testday/15_04$frame-0-37-40_1_105_142.jpg,105
testday/15_04$frame-0-38-10_2_105_143.jpg,105
testday/15_04$frame-0-38-40_1_105_144.jpg,105
testday/15_04$frame-0-40-50_1_105_145.jpg,105
testday/15_04$frame-0-41-30_2_105_146.jpg,105
testday/15_04$frame-0-42-00_2_105_147.jpg,105
testday/15_04$frame-0-43-00_1_105_148.jpg,105
testday/15_04$frame-0-43-00_3_105_149.jpg,105
testday/15_04$frame-0-44-50_1_105_150.jpg,105
testday/15_04$frame-0-47-50_1_105_151.jpg,105
testday/15_04$frame-0-48-50_2_105_152.jpg,105
testday/15_04$frame-0-49-40_1_105_153.jpg,105
testday/15_04$frame-0-50-10_1_105_154.jpg,105
testday/15_04$frame-0-51-30_1_105_155.jpg,105
testday/15_04$frame-0-51-30_2_105_156.jpg,105
testday/15_07$frame-0-06-50_2_105_157.jpg,105
testday/15_07$frame-0-16-30_1_105_158.jpg,105
testday/15_07$frame-0-18-30_1_105_159.jpg,105
testday/15_07$frame-0-30-50_1_105_160.jpg,105
testday/15_07$frame-0-33-30_1_105_161.jpg,105
testday/15_07$frame-0-35-00_1_105_162.jpg,105
testday/16_07$frame-0-01-10_2_105_163.jpg,105
testday/16_07$frame-0-02-10_2_105_164.jpg,105
testday/16_07$frame-0-07-50_2_105_165.jpg,105
testday/16_07$frame-0-14-50_2_105_166.jpg,105
testday/16_07$frame-0-15-40_2_105_167.jpg,105
testday/16_07$frame-0-17-00_2_105_168.jpg,105
testday/16_07$frame-0-18-40_2_105_169.jpg,105
testday/16_07$frame-0-20-10_2_105_170.jpg,105
testday/16_07$frame-0-20-40_2_105_171.jpg,105
testday/16_07$frame-0-22-00_1_105_172.jpg,105
testday/16_07$frame-0-29-40_1_105_173.jpg,105
testday/16_07$frame-0-30-50_1_105_174.jpg,105
testday/16_07$frame-0-38-20_1_105_175.jpg,105
testday/17_06$frame-0-05-50_3_105_176.jpg,105
testday/17_06$frame-0-07-40_3_105_177.jpg,105
testday/18_04$frame-0-05-30_1_105_178.jpg,105
testday/18_04$frame-0-19-40_1_105_179.jpg,105
testday/18_04$frame-0-20-30_1_105_180.jpg,105
testday/18_04$frame-0-22-40_1_105_181.jpg,105
testday/18_04$frame-0-29-20_1_105_182.jpg,105
testday/18_04$frame-0-48-40_1_105_183.jpg,105
testday/18_04$frame-0-49-10_1_105_184.jpg,105
testday/18_04$frame-0-50-00_1_105_185.jpg,105
testday/18_04$frame-0-50-20_1_105_186.jpg,105
testday/18_06$frame-0-04-00_3_105_187.jpg,105
testday/18_06$frame-0-10-10_2_105_188.jpg,105
testday/18_06$frame-0-10-20_1_105_189.jpg,105
testday/18_06$frame-0-11-50_1_105_190.jpg,105
testday/18_06$frame-0-13-20_1_105_191.jpg,105
testday/18_06$frame-0-16-50_1_105_192.jpg,105
testday/18_06$frame-0-24-20_2_105_193.jpg,105
testday/18_06$frame-0-28-10_1_105_194.jpg,105
testday/18_06$frame-0-29-30_2_105_195.jpg,105
testday/18_06$frame-0-30-10_1_105_196.jpg,105
testday/18_06$frame-0-30-30_2_105_197.jpg,105
testday/18_06$frame-0-31-30_2_105_198.jpg,105
testday/18_06$frame-0-31-50_2_105_199.jpg,105
testday/18_06$frame-0-32-20_2_105_200.jpg,105
testday/18_06$frame-0-33-10_2_105_201.jpg,105
testday/18_06$frame-0-46-00_1_105_202.jpg,105
testday/18_06$frame-0-46-00_2_105_203.jpg,105
testday/18_06$frame-0-46-30_2_105_204.jpg,105
testday/18_06$frame-0-49-30_2_105_205.jpg,105
testday/21_07$frame-0-00-40_2_105_206.jpg,105
testday/21_07$frame-0-04-40_2_105_207.jpg,105
testday/21_07$frame-0-05-30_2_105_208.jpg,105
testday/21_07$frame-0-15-30_2_105_209.jpg,105
testday/21_07$frame-0-18-10_2_105_210.jpg,105
testday/21_07$frame-0-22-20_1_105_211.jpg,105
testday/21_07$frame-0-24-40_1_105_212.jpg,105
testday/21_07$frame-0-25-30_1_105_213.jpg,105
testday/21_07$frame-0-39-40_1_105_214.jpg,105
testday/22_04$frame-0-02-30_1_105_215.jpg,105
testday/22_04$frame-0-04-30_2_105_216.jpg,105
testday/22_04$frame-0-09-10_1_105_217.jpg,105
testday/22_04$frame-0-09-50_2_105_218.jpg,105
testday/22_04$frame-0-10-00_2_105_219.jpg,105
testday/22_04$frame-0-11-20_1_105_220.jpg,105
testday/22_04$frame-0-11-30_2_105_221.jpg,105
testday/22_04$frame-0-12-10_1_105_222.jpg,105
testday/22_04$frame-0-12-10_3_105_223.jpg,105
testday/22_04$frame-0-15-40_1_105_224.jpg,105
testday/22_04$frame-0-25-40_2_105_225.jpg,105
testday/22_04$frame-0-26-40_2_105_226.jpg,105
testday/22_04$frame-0-28-20_2_105_227.jpg,105
testday/22_04$frame-0-30-50_1_105_228.jpg,105
testday/22_04$frame-0-31-10_2_105_229.jpg,105
testday/22_04$frame-0-32-10_2_105_230.jpg,105
testday/22_04$frame-0-33-00_1_105_231.jpg,105
testday/22_04$frame-0-36-10_1_105_232.jpg,105
testday/22_04$frame-0-42-20_2_105_233.jpg,105
testday/22_04$frame-0-42-40_1_105_234.jpg,105
testday/22_04$frame-0-44-20_1_105_235.jpg,105
testday/22_04$frame-0-44-20_1_105_236.jpg,105
testday/22_04$frame-0-45-10_1_105_237.jpg,105
testday/22_04$frame-0-49-30_2_105_238.jpg,105
testday/22_04$frame-0-49-40_1_105_239.jpg,105
testday/22_04$frame-0-51-20_1_105_240.jpg,105
testday/22_04$frame-0-51-40_1_105_241.jpg,105
testday/23_04$frame-0-03-20_1_105_242.jpg,105
testday/23_04$frame-0-06-00_2_105_243.jpg,105
testday/23_04$frame-0-07-10_3_105_244.jpg,105
testday/23_04$frame-0-07-40_1_105_245.jpg,105
testday/23_04$frame-0-08-10_2_105_246.jpg,105
testday/23_04$frame-0-10-10_1_105_247.jpg,105
testday/23_04$frame-0-10-50_2_105_248.jpg,105
testday/23_04$frame-0-13-00_2_105_249.jpg,105
testday/23_04$frame-0-20-00_1_105_250.jpg,105
testday/23_04$frame-0-22-00_2_105_251.jpg,105
testday/23_04$frame-0-22-20_1_105_252.jpg,105
testday/23_06$frame-0-00-20_3_105_253.jpg,105
testday/23_06$frame-0-02-30_3_105_254.jpg,105
testday/23_06$frame-0-04-10_1_105_255.jpg,105
testday/23_06$frame-0-06-00_1_105_256.jpg,105
testday/23_06$frame-0-09-10_1_105_257.jpg,105
testday/23_06$frame-0-09-20_3_105_258.jpg,105
testday/23_06$frame-0-12-40_2_105_259.jpg,105
testday/23_06$frame-0-13-00_1_105_260.jpg,105
testday/23_06$frame-0-16-20_2_105_261.jpg,105
testday/23_06$frame-0-20-00_1_105_262.jpg,105
testday/23_06$frame-0-20-30_1_105_263.jpg,105
testday/23_06$frame-0-22-40_2_105_264.jpg,105
testday/23_06$frame-0-24-10_1_105_265.jpg,105
testday/23_06$frame-0-34-50_1_105_266.jpg,105
testday/23_06$frame-0-36-40_2_105_267.jpg,105
testday/23_06$frame-0-39-40_1_105_268.jpg,105
testday/23_06$frame-0-42-10_2_105_269.jpg,105
testday/23_06$frame-0-42-30_1_105_270.jpg,105
testday/23_06$frame-0-50-50_2_105_271.jpg,105
testday/28_04$frame-0-02-00_1_105_272.jpg,105
testday/28_04$frame-0-02-20_2_105_273.jpg,105
testday/28_04$frame-0-02-40_2_105_274.jpg,105
testday/28_04$frame-0-03-30_3_105_275.jpg,105
testday/28_04$frame-0-03-40_3_105_276.jpg,105
testday/28_04$frame-0-04-00_3_105_277.jpg,105
testday/28_04$frame-0-04-10_1_105_278.jpg,105
testday/28_04$frame-0-04-10_3_105_279.jpg,105
testday/28_04$frame-0-04-20_3_105_280.jpg,105
testday/28_04$frame-0-04-40_3_105_281.jpg,105
testday/28_04$frame-0-05-00_1_105_282.jpg,105
testday/28_04$frame-0-09-00_3_105_283.jpg,105
testday/28_04$frame-0-10-00_3_105_284.jpg,105
testday/28_04$frame-0-10-30_3_105_285.jpg,105
testday/28_04$frame-0-11-20_2_105_286.jpg,105
testday/28_04$frame-0-12-00_2_105_287.jpg,105
testday/28_04$frame-0-12-40_1_105_288.jpg,105
testday/29_07$frame-0-06-40_1_105_289.jpg,105
testday/29_07$frame-0-10-00_2_105_290.jpg,105
testday/29_07$frame-0-10-30_2_105_291.jpg,105
testday/29_07$frame-0-11-20_1_105_292.jpg,105
testday/29_07$frame-0-17-30_1_105_293.jpg,105
testday/29_07$frame-0-32-40_1_105_294.jpg,105
